category,current_stock,avg_weekly_sales,lead_time_days,month,recommended_order_qty
Electronique,279,4.98,11,3,0
Outillage,39,62.11,8,10,31
Textile,301,85.64,14,3,77
Alimentaire,42,74.97,17,3,189
Alimentaire,20,26.39,9,6,26
Outillage,46,6.69,20,6,0
Electronique,183,84.75,17,4,125
Textile,247,84.46,7,5,28
Electronique,162,48.85,23,4,121
Electronique,48,58.52,4,11,37
Textile,79,42.71,17,7,97
Outillage,340,38.94,13,12,0
Textile,385,12.51,17,12,0
Outillage,301,10.51,20,8,0
Textile,41,22.48,18,10,60
Outillage,327,75.62,17,2,83
Textile,276,14.83,21,12,0
Electronique,210,21.95,18,6,0
Outillage,57,50.28,21,9,154
Alimentaire,398,20.93,12,3,0
Textile,177,16.36,8,2,0
Alimentaire,17,51.57,8,11,88
Electronique,83,34.39,16,6,27
Outillage,160,57.1,15,2,66
Outillage,24,82.27,5,8,28
Textile,129,15.29,8,1,0
Alimentaire,187,82.38,24,6,263
Outillage,379,81.42,19,9,67
Textile,34,74.96,19,9,176
Alimentaire,230,57.55,8,6,3
Alimentaire,366,56.57,5,5,0
Electronique,322,58.25,10,11,0
Electronique,369,62.76,21,3,58
Textile,68,3.45,14,1,0
Outillage,320,86.31,20,2,163
Electronique,391,53.53,14,10,0
Outillage,130,70.77,14,6,94
Outillage,199,35.2,16,1,0
Alimentaire,212,3.09,24,3,0
Textile,197,46.86,13,1,25
Electronique,115,46.63,16,10,35
Outillage,388,40.46,23,6,0
Textile,382,31.9,11,1,0
Alimentaire,152,23.98,21,3,10
Electronique,322,48.42,15,8,0
Outillage,159,35.02,22,8,37
Alimentaire,317,87.35,13,10,51
Outillage,233,17.22,17,1,0
Textile,188,30.13,10,1,1
Outillage,51,27.87,17,1,52
Outillage,261,49.81,10,5,0
Electronique,128,45.94,16,9,39
Alimentaire,86,58.65,20,8,153
Alimentaire,77,85.6,13,3,190
Alimentaire,392,27.1,13,8,0
Electronique,41,62.96,10,8,78
Textile,319,4.2,19,3,0
Electronique,346,25.09,16,9,0
Textile,12,42.81,14,6,66
Textile,235,4.73,4,1,0
Outillage,230,56.35,6,5,0
Textile,143,61.69,4,10,0
Alimentaire,266,67.71,21,9,83
Outillage,163,47.46,21,4,71
Alimentaire,175,55.15,5,10,0
Alimentaire,172,36.85,4,5,0
Outillage,320,5.63,20,6,0
Alimentaire,253,10.8,15,2,0
Electronique,151,59.64,10,12,20
Alimentaire,370,89.61,16,11,110
Outillage,320,3.39,8,3,0
Electronique,373,51.07,8,7,0
Alimentaire,292,68.09,11,10,13
Electronique,156,74.76,22,7,134
Textile,309,49.98,20,3,44
Alimentaire,131,56.55,7,12,0
Alimentaire,108,63.31,15,4,123
Electronique,180,77.59,22,5,165
Textile,387,12.76,23,5,0
Textile,227,83.5,20,11,125
Outillage,153,4.29,6,7,0
Alimentaire,184,75.59,9,9,46
Electronique,116,8.75,8,11,0
Outillage,263,19.13,7,12,0
Textile,140,2.34,7,11,0
Textile,221,41.18,10,11,0
Electronique,147,31.42,15,12,40
Alimentaire,128,16.61,12,12,0
Outillage,388,41.7,12,8,0
Outillage,138,37.41,9,2,54
Alimentaire,28,69.55,7,2,69
Outillage,151,80.6,24,10,170
Outillage,212,59.43,16,4,61
Alimentaire,37,12.95,8,10,0
Outillage,122,27.99,21,12,46
Alimentaire,66,82.37,21,8,249
Electronique,200,9.81,24,10,0
Textile,289,37.8,7,4,0
Textile,387,84.94,17,6,87
Electronique,155,85.66,24,12,193
Outillage,345,38.19,20,10,0
Electronique,85,60.73,8,3,37
Outillage,312,42.19,22,12,10
Electronique,225,68.3,12,6,27
Outillage,303,4.78,14,11,0
Outillage,302,14.69,15,7,0
Outillage,212,56.05,20,8,72
Textile,102,22.46,6,2,0
Alimentaire,210,60.61,15,5,81
Textile,330,32.91,21,9,0
Alimentaire,388,80.02,15,11,23
Outillage,371,74.09,9,2,0
Textile,72,45.37,5,1,3
Alimentaire,238,70.01,15,9,68
Textile,41,25.86,18,6,71
Textile,267,45.49,15,11,0
Electronique,396,19.38,24,1,0
Electronique,21,77.76,16,5,194
Electronique,262,74.43,14,1,69
Electronique,378,81.39,5,9,0
Alimentaire,338,79.22,15,11,25
Textile,156,86.44,7,2,57
Textile,41,22.09,19,4,52
Alimentaire,369,84.0,7,11,0
Outillage,368,52.27,23,1,71
Textile,231,39.18,10,12,0
Electronique,391,51.31,13,11,0
Outillage,1,32.15,7,2,43
Textile,246,27.39,8,2,0
Textile,15,23.24,23,9,63
Textile,374,9.25,9,1,0
Textile,272,45.7,14,7,0
Electronique,365,80.12,24,1,166
Textile,225,57.45,17,7,76
Outillage,33,47.85,4,5,17
Alimentaire,10,39.72,11,9,19
Textile,134,42.87,12,11,4
Electronique,297,20.42,9,6,0
Alimentaire,60,74.42,9,8,51
Alimentaire,340,19.46,14,8,0
Outillage,95,65.06,11,12,75
Electronique,198,68.88,10,3,58
Alimentaire,81,52.59,12,3,70
Alimentaire,186,77.94,11,5,66
Outillage,180,27.61,8,9,0
Outillage,2,79.58,13,11,148
Electronique,227,66.19,23,4,139
Electronique,314,72.29,14,2,56
Outillage,374,60.48,16,8,0
Electronique,132,76.48,24,8,188
Outillage,352,89.39,16,5,97
Alimentaire,351,38.97,8,3,0
Outillage,395,73.62,12,11,0
Alimentaire,149,67.52,14,11,96
Alimentaire,340,41.85,13,9,0
Textile,226,83.57,7,7,5
Electronique,23,36.71,6,4,31
Textile,108,51.76,11,5,35
Textile,268,11.32,23,1,0
Outillage,64,21.87,19,3,64
Outillage,173,75.98,21,6,179
Textile,309,36.9,7,6,0
Alimentaire,59,36.68,12,1,56
Alimentaire,198,23.65,16,12,0
Alimentaire,85,45.26,13,4,61
Outillage,214,72.91,12,7,62
Alimentaire,96,80.77,11,6,106
Electronique,386,8.17,5,6,0
Alimentaire,30,52.58,22,11,113
Electronique,385,43.12,23,9,0
Electronique,316,56.06,5,11,0
Electronique,342,41.36,12,5,0
Outillage,340,37.08,14,4,0
Textile,75,43.53,20,6,94
Textile,372,53.22,24,7,42
Alimentaire,237,46.09,12,5,0
Textile,384,43.55,19,6,0
Electronique,351,73.97,23,2,101
Outillage,231,67.62,21,8,75
Textile,149,32.04,10,9,0
Outillage,46,72.45,21,7,220
Electronique,40,77.12,12,11,102
Alimentaire,155,15.51,4,12,0
Textile,324,53.28,19,11,16
Alimentaire,202,27.11,21,2,0
Alimentaire,192,67.05,11,11,63
Electronique,97,23.01,13,5,0
Alimentaire,225,61.08,11,6,19
Electronique,255,24.45,6,5,0
Alimentaire,392,46.98,24,4,60
Textile,291,85.48,4,11,0
Textile,242,35.56,15,8,0
Textile,364,79.06,4,12,0
Alimentaire,169,88.85,18,12,183
Outillage,373,78.99,22,6,104
Electronique,147,16.6,17,9,1
Alimentaire,51,74.13,16,7,142
Electronique,167,4.83,21,6,0
Alimentaire,51,36.61,24,9,114
Outillage,47,78.62,22,9,228
Alimentaire,352,62.61,8,11,0
Outillage,317,48.88,15,10,1
Alimentaire,88,36.13,21,8,79
Textile,335,73.48,10,12,0
Alimentaire,27,64.44,18,2,162
Alimentaire,113,43.22,4,10,0
Outillage,282,80.54,22,5,171
Outillage,121,22.24,16,6,16
Alimentaire,292,16.99,19,10,0
Outillage,349,58.57,21,4,56
Alimentaire,26,87.54,8,11,125
Textile,9,23.76,13,6,33
Outillage,376,23.97,22,5,0
Alimentaire,208,14.28,7,4,0
Textile,202,77.73,21,6,193
Alimentaire,185,21.92,10,12,0
Electronique,173,46.28,16,2,35
Electronique,276,89.2,14,7,39
Alimentaire,231,3.07,18,11,0
Outillage,65,50.97,21,6,138
Electronique,250,47.08,11,7,0
Alimentaire,267,73.06,7,5,48
Textile,45,33.26,12,2,51
Electronique,150,38.11,16,8,1
Textile,316,16.78,19,12,0
Alimentaire,247,67.19,19,7,92
Outillage,54,71.05,11,6,86
Textile,16,14.03,23,2,36
Textile,232,36.62,5,12,0
Electronique,184,80.58,6,11,0
Alimentaire,384,2.24,4,11,0
Outillage,208,28.29,23,5,29
Electronique,372,50.84,7,8,0
Outillage,85,31.4,16,6,56
Alimentaire,178,25.94,21,3,40
Textile,55,42.48,20,3,117
Textile,229,17.97,23,5,0
Alimentaire,75,48.61,5,7,13
Alimentaire,196,64.19,12,2,75
Textile,137,52.63,14,9,62
Electronique,74,10.19,18,6,2
Textile,38,76.31,17,11,161
Electronique,204,17.4,15,4,0
Textile,378,69.3,10,1,0
Textile,79,33.73,6,4,10
Electronique,161,70.88,13,12,76
Outillage,89,20.15,9,4,0
Alimentaire,323,18.43,15,9,0
Outillage,165,45.74,20,11,61
Electronique,389,4.9,15,4,0
Electronique,98,21.83,16,8,0
Alimentaire,32,65.71,4,3,22
Electronique,233,75.69,17,5,105
Alimentaire,260,9.11,13,4,0
Textile,396,79.62,6,9,0
Electronique,348,72.18,8,11,0
Textile,353,78.53,20,4,128
Electronique,253,63.46,23,4,113
Electronique,143,61.33,14,10,67
Textile,171,48.21,24,6,105
Outillage,53,59.45,7,7,35
Electronique,172,82.88,10,9,41
Alimentaire,145,10.85,23,2,0
Outillage,14,29.79,7,11,48
Outillage,81,8.38,17,5,0
Textile,213,85.14,8,8,36
Alimentaire,147,41.18,10,6,31
Alimentaire,397,61.43,14,10,1
Textile,191,76.02,11,8,12
Textile,383,89.21,22,3,189
Alimentaire,264,16.24,24,3,0
Electronique,16,72.36,14,11,139
Electronique,81,80.09,15,7,111
Outillage,282,6.3,5,4,0
Alimentaire,218,68.36,8,2,53
Alimentaire,120,33.22,4,2,0
Alimentaire,208,59.08,21,12,146
Outillage,361,47.24,8,12,0
Electronique,155,24.86,11,5,0
Electronique,18,13.9,21,3,36
Alimentaire,124,12.29,18,6,0
Alimentaire,374,11.09,17,2,0
Textile,304,58.13,4,7,0
Alimentaire,334,32.92,15,8,0
Alimentaire,364,21.06,15,12,0
Outillage,47,62.89,10,4,84
Electronique,113,62.44,19,3,108
Textile,23,49.45,23,2,181
Textile,1,84.28,9,5,112
Alimentaire,333,35.92,10,8,0
Outillage,374,75.56,10,1,0
Alimentaire,62,8.61,21,10,2
Outillage,288,67.11,5,6,0
Alimentaire,213,88.98,22,10,250
Textile,27,76.5,20,6,209
Textile,366,53.01,14,2,0
Outillage,348,57.16,16,1,7
Alimentaire,226,33.09,22,7,54
Alimentaire,283,61.79,20,7,81
Electronique,158,69.79,9,10,0
Alimentaire,317,89.84,5,11,0
Outillage,178,45.34,17,2,79
Electronique,395,7.39,7,4,0
Outillage,25,54.44,5,3,29
Textile,68,12.47,24,2,47
Electronique,387,23.54,13,1,0
Alimentaire,115,30.93,17,1,42
Textile,124,66.33,8,7,26
Alimentaire,316,18.18,6,2,0
Electronique,75,16.59,5,3,0
Textile,205,5.96,11,2,0
Textile,114,78.85,4,9,7
Electronique,79,63.03,12,8,38
Alimentaire,385,5.52,10,12,0
Electronique,79,4.49,15,2,0
Textile,37,51.16,16,3,132
Textile,269,26.86,10,6,0
Textile,346,54.51,13,8,0
Outillage,50,40.25,5,2,5
Outillage,283,83.25,10,3,47
Alimentaire,216,27.33,24,6,29
Electronique,332,61.76,24,1,125
Textile,50,6.76,14,5,8
Outillage,390,86.12,23,10,119
Outillage,247,88.31,14,7,87
Electronique,336,67.04,6,6,0
Electronique,144,42.94,22,6,93
Electronique,377,21.36,12,12,0
Electronique,250,73.5,16,7,51
Textile,50,66.8,17,7,146
Textile,369,21.53,10,12,0
Alimentaire,318,41.71,19,2,0
Alimentaire,120,42.73,14,2,85
Outillage,218,74.72,11,6,39
Alimentaire,155,62.18,10,4,18
Outillage,217,58.6,19,3,42
Outillage,386,59.18,9,2,0
Alimentaire,359,25.8,6,11,0
Electronique,86,34.71,22,8,65
Outillage,388,6.02,10,9,0
Textile,175,71.25,17,2,114
Alimentaire,281,40.1,19,5,8
Textile,305,40.56,21,8,0
Textile,193,23.59,17,7,0
Outillage,182,20.43,18,9,0
Alimentaire,182,53.73,21,9,88
Outillage,345,22.46,23,5,0
Outillage,154,7.65,4,10,0
Electronique,111,69.54,19,4,137
Electronique,144,35.13,7,1,0
Textile,77,35.46,22,11,99
Electronique,156,39.96,5,1,0
Alimentaire,45,73.72,9,4,85
Alimentaire,35,30.23,8,2,46
Outillage,289,68.71,16,3,107
Outillage,30,84.68,4,5,44
Electronique,227,60.16,4,2,0
Outillage,311,39.99,14,6,0
Electronique,289,67.81,24,12,109
Textile,178,42.29,15,2,35
Outillage,77,38.47,13,12,21
Outillage,372,48.22,17,5,0
Electronique,334,29.96,15,8,0
Outillage,244,11.17,12,6,0
Electronique,34,38.51,16,4,64
Textile,14,12.9,4,2,0
Alimentaire,126,38.12,9,8,17
Alimentaire,63,51.01,18,11,117
Electronique,344,83.9,11,7,0
Outillage,82,5.19,5,8,0
Alimentaire,113,56.69,6,8,0
Textile,390,42.28,22,5,6
Alimentaire,327,3.78,10,2,0
Alimentaire,87,23.96,4,7,0
Outillage,153,12.43,19,11,0
Electronique,206,21.08,15,4,0
Textile,265,26.16,13,11,0
Textile,374,37.31,22,11,0
Alimentaire,348,48.56,10,3,0
Alimentaire,390,2.09,16,7,0
Electronique,16,16.24,19,9,50
Outillage,94,10.23,16,6,0
Outillage,225,50.37,8,9,0
Electronique,19,30.96,18,11,57
Electronique,142,50.26,19,8,83
Electronique,61,21.52,6,11,0
Electronique,373,4.13,7,10,0
Outillage,25,84.84,18,10,151
Outillage,59,11.53,6,11,0
Electronique,78,13.16,22,3,17
Textile,59,14.9,6,1,0
Electronique,227,88.35,24,2,260
Alimentaire,145,56.35,18,3,104
Textile,364,55.71,13,9,0
Textile,104,88.83,9,7,57
Outillage,214,9.78,11,6,0
Electronique,264,87.76,19,1,162
Electronique,250,19.95,19,9,0
Alimentaire,318,56.83,8,5,0
Alimentaire,80,38.97,15,10,46
Outillage,202,35.79,24,2,40
Outillage,320,83.95,9,4,27
Alimentaire,345,15.13,18,1,0
Outillage,247,89.74,7,4,8
Alimentaire,260,35.36,21,12,3
Textile,345,59.09,7,6,0
Alimentaire,249,87.18,10,6,55
Electronique,379,7.07,13,4,0
Outillage,51,83.21,11,4,85
Electronique,139,51.97,7,9,0
Electronique,44,63.99,17,12,161
Electronique,36,15.13,4,9,0
Alimentaire,188,48.94,24,9,134
Electronique,90,61.27,5,6,22
Electronique,162,42.15,11,2,0
Textile,175,15.64,23,9,0
Outillage,248,23.48,7,10,0
Electronique,378,77.19,5,7,0
Alimentaire,339,5.03,19,2,0
Textile,151,64.38,5,9,17
Outillage,130,89.95,22,12,220
Textile,308,2.66,13,3,0
Outillage,49,16.17,22,2,29
Textile,216,61.32,9,9,0
Alimentaire,169,7.28,6,4,0
Electronique,73,53.9,24,9,125
Outillage,246,62.19,20,9,88
Outillage,128,53.76,23,4,107
Electronique,74,34.14,10,1,30
Textile,261,63.36,12,7,0
Electronique,69,54.3,16,5,94
Textile,269,20.27,13,11,0
Outillage,64,51.56,9,5,58
Electronique,173,79.61,11,3,44
Alimentaire,323,60.68,16,11,15
Electronique,91,43.52,4,9,0
Textile,307,30.3,11,8,0
Outillage,288,9.56,10,12,0
Electronique,361,23.53,5,10,0
Alimentaire,67,2.98,6,11,0
Outillage,286,88.82,14,10,60
Alimentaire,374,21.58,6,5,0
Electronique,305,73.71,11,1,12
Alimentaire,75,16.84,15,8,2
Textile,328,26.96,22,10,0
Textile,42,38.81,6,12,21
Alimentaire,235,30.55,13,9,0
Outillage,199,72.25,6,7,0
Textile,212,86.28,13,7,88
Alimentaire,207,79.03,14,2,142
Outillage,12,15.51,20,1,41
Outillage,203,70.35,13,1,75
Alimentaire,374,15.02,23,11,0
Electronique,174,82.38,6,10,6
Textile,110,47.57,5,4,0
Textile,397,31.6,4,6,0
Electronique,39,15.82,11,6,0
Textile,194,3.04,8,3,0
Outillage,205,23.82,5,6,0
Electronique,191,82.43,8,5,25
Textile,368,72.16,24,9,79
Electronique,168,87.34,20,10,208
Textile,389,10.87,4,2,0
Alimentaire,26,54.11,23,6,189
Electronique,293,24.63,8,12,0
Outillage,237,49.78,12,11,4
Electronique,96,30.2,10,10,1
Textile,91,26.94,12,9,7
Electronique,287,52.5,19,1,36
Outillage,255,18.13,18,12,0
Textile,244,43.28,16,9,44
Outillage,20,59.27,17,11,127
Alimentaire,239,13.28,19,11,0
Alimentaire,392,83.89,7,4,0
Textile,6,46.5,12,1,74
Outillage,187,74.12,6,8,0
Outillage,197,59.54,18,6,56
Electronique,358,64.48,13,1,0
Textile,113,65.02,17,4,122
Electronique,190,79.01,15,12,115
Alimentaire,286,56.0,9,5,0
Outillage,24,26.48,6,4,5
Alimentaire,320,10.76,24,8,0
Outillage,328,55.35,10,8,0
Alimentaire,287,7.84,6,4,0
Electronique,259,23.23,10,11,0
Alimentaire,299,7.34,22,7,0
Textile,312,50.3,9,2,0
Outillage,361,16.11,24,4,0
Textile,171,55.72,13,11,15
Outillage,182,71.6,22,2,192
Outillage,255,74.33,17,1,76
Outillage,77,29.24,4,8,0
Textile,342,50.31,14,6,0
Alimentaire,308,51.54,12,4,5
Alimentaire,252,43.61,8,6,0
Electronique,120,59.65,15,3,72
Alimentaire,139,20.49,6,5,0
Outillage,173,88.17,18,3,197
Alimentaire,265,10.63,21,8,0
Electronique,311,74.97,5,9,0
Textile,268,54.28,14,11,22
Outillage,371,23.55,17,1,0
Outillage,384,67.62,5,4,0
Alimentaire,281,9.43,12,4,0
Alimentaire,148,70.15,9,7,45
Textile,239,53.92,4,7,0
Electronique,170,11.75,20,11,0
Alimentaire,251,9.0,13,12,0
Electronique,324,68.07,19,10,31
Outillage,147,27.78,16,3,17
Textile,202,80.26,22,1,204
Outillage,18,69.06,24,11,218
Outillage,294,63.44,16,12,63
Outillage,195,26.52,11,4,0
Electronique,183,64.39,12,1,82
Outillage,212,85.44,21,9,200
Electronique,86,10.06,12,8,0
Alimentaire,239,30.7,14,11,0
Textile,298,22.65,8,7,0
Alimentaire,139,36.61,24,10,61
Electronique,52,67.33,17,10,103
Electronique,154,43.73,10,1,30
Outillage,79,52.22,16,2,105
Alimentaire,149,29.65,12,10,0
Alimentaire,250,14.43,7,3,0
Outillage,45,25.49,22,3,28
Electronique,298,77.65,22,10,108
Outillage,89,55.01,21,3,134
Outillage,357,35.26,11,2,0
Textile,292,71.51,9,1,11
Electronique,109,7.67,5,6,0
Electronique,225,24.34,19,8,0
Alimentaire,44,22.25,10,9,0
Textile,39,88.71,22,11,265
Electronique,382,64.14,22,8,56
Alimentaire,320,56.37,6,10,0
Electronique,61,2.44,23,3,25
Textile,113,18.22,6,5,0
Electronique,79,57.93,14,4,83
Textile,158,35.42,13,1,0
Electronique,116,83.34,24,12,234
Electronique,131,69.3,17,3,127
Electronique,211,41.37,22,6,45
Outillage,75,67.96,16,5,154
Electronique,353,87.84,21,1,117
Alimentaire,291,42.57,21,11,17
Textile,304,58.54,22,3,74
Textile,67,82.84,12,2,122
Textile,283,23.88,12,5,0
Outillage,334,80.02,24,2,176
Alimentaire,70,10.58,19,12,5
Outillage,300,59.06,23,3,90
Alimentaire,143,70.89,16,4,160
Outillage,315,56.09,23,4,86
Textile,191,45.61,19,1,81
Textile,320,56.33,19,1,43
Outillage,58,15.35,7,7,0
Outillage,155,20.97,15,3,0
Outillage,109,25.75,19,2,36
Textile,99,54.6,19,4,137
Electronique,123,40.89,24,4,92
Alimentaire,152,23.51,10,6,0
Electronique,50,79.69,10,12,76
Outillage,282,34.91,24,4,43
Electronique,220,41.25,24,9,36
Electronique,331,38.05,7,10,0
Electronique,282,18.01,11,1,0
Textile,59,66.38,23,7,216
Textile,27,41.46,8,6,17
Outillage,169,3.43,20,7,0
Alimentaire,192,86.83,6,3,12
Alimentaire,96,73.79,7,6,24
Electronique,312,65.67,20,2,57
Electronique,232,78.48,16,12,100
Alimentaire,299,81.8,15,8,78
Outillage,43,31.7,21,1,75
Textile,326,55.76,10,7,0
Outillage,82,55.58,14,12,72
Electronique,179,25.52,16,9,18
Electronique,175,21.53,19,4,0
Outillage,328,12.02,10,11,0
Electronique,110,60.02,17,3,125
Electronique,96,70.72,13,3,97
Alimentaire,135,68.96,15,2,166
Outillage,144,29.83,22,12,34
Textile,72,20.06,12,9,22
Electronique,70,41.92,18,7,93
Outillage,92,50.12,23,9,110
Outillage,186,82.88,20,4,175
Outillage,137,78.98,24,1,247
Outillage,156,82.61,16,11,137
Electronique,287,76.82,9,12,0
Outillage,96,86.88,24,1,256
Alimentaire,363,42.96,17,1,0
Outillage,300,6.18,9,7,0
Textile,69,9.35,10,1,0
Outillage,125,36.34,9,9,0
Textile,73,24.68,21,12,18
Textile,109,16.95,5,4,0
Textile,146,85.88,19,4,190
Outillage,52,19.2,15,11,9
Textile,5,86.43,5,5,65
Electronique,175,68.95,16,3,111
Outillage,280,58.4,19,2,112
Textile,121,61.49,19,11,118
Alimentaire,344,31.17,15,12,0
Textile,147,58.89,11,1,30
Outillage,360,18.43,7,10,0
Outillage,94,84.52,4,2,12
Outillage,215,28.56,11,2,0
Alimentaire,305,24.46,17,5,0
Outillage,23,64.58,4,6,15
Alimentaire,372,59.77,24,11,55
Textile,145,41.71,16,9,68
Textile,199,57.66,10,2,9
Electronique,251,16.04,24,8,0
Alimentaire,257,61.25,7,11,0
Electronique,9,25.81,24,8,62
Electronique,346,26.01,9,3,0
Alimentaire,249,16.27,11,2,0
Alimentaire,399,31.25,12,6,0
Electronique,188,31.15,24,6,42
Alimentaire,245,41.97,9,5,0
Textile,176,18.76,24,2,21
Electronique,355,18.98,11,2,0
Alimentaire,332,49.67,9,7,0
Alimentaire,363,13.34,17,12,0
Textile,201,62.62,18,8,83
Alimentaire,316,85.07,11,6,37
Textile,143,39.56,6,12,0
Alimentaire,184,81.3,12,9,90
Alimentaire,304,10.65,15,9,0
Alimentaire,32,5.78,4,7,0
Electronique,284,65.48,5,10,0
Textile,6,68.97,23,7,190
Electronique,232,76.19,4,8,0
Alimentaire,190,7.0,12,8,0
Outillage,187,70.37,20,10,127
Outillage,197,35.14,10,11,0
Textile,196,28.69,14,4,0
Outillage,162,17.23,5,9,0
Outillage,180,89.65,20,1,209
Alimentaire,227,7.6,17,7,0
Outillage,305,74.78,21,11,105
Alimentaire,220,58.28,22,8,74
Alimentaire,257,66.69,11,4,8
Textile,334,64.63,4,8,0
Outillage,395,77.54,11,5,0
Outillage,43,18.17,7,6,29
Alimentaire,285,2.07,15,3,0
Textile,90,54.67,7,8,16
Electronique,78,33.14,23,3,96
Outillage,317,12.89,16,6,0
Textile,27,18.38,9,12,43
Textile,339,31.19,23,10,0
Outillage,308,8.18,20,5,0
Textile,397,7.01,13,12,0
Electronique,267,82.61,7,1,0
Alimentaire,349,29.47,11,12,0
Electronique,47,88.44,16,5,181
Textile,355,86.86,20,10,138
Electronique,64,14.55,9,12,0
Electronique,125,64.91,19,8,126
Textile,51,54.87,9,8,57
Textile,160,62.78,9,9,0
Textile,299,10.46,13,3,0
Outillage,107,18.59,7,3,0
Outillage,328,8.74,12,5,0
Electronique,242,55.16,11,6,4
Outillage,251,88.82,9,9,20
Textile,375,61.13,20,4,54
Textile,172,64.55,10,7,27
Electronique,137,88.64,18,1,176
Textile,397,61.67,19,1,29
Textile,222,5.54,17,12,0
Textile,245,78.3,9,11,0
Electronique,118,34.09,21,11,100
Textile,86,2.38,8,4,0
Outillage,67,46.64,9,7,24
Textile,89,84.46,22,9,204
Electronique,78,24.65,11,4,49
Outillage,298,45.25,18,9,0
Outillage,23,17.29,4,9,9
Electronique,251,7.08,16,5,0
Outillage,379,9.09,22,6,0
Alimentaire,306,65.98,18,4,118
Textile,161,78.04,16,10,132
Alimentaire,23,14.61,21,12,33
Outillage,333,27.37,10,12,0
Outillage,1,19.16,11,10,0
Outillage,272,4.36,5,5,0
Outillage,268,50.7,18,10,13
Outillage,76,63.59,19,3,156
Electronique,295,59.01,19,11,12
Alimentaire,70,36.15,19,4,100
Textile,90,50.84,6,5,0
Textile,324,10.28,17,2,0
Electronique,391,15.58,20,1,0
Electronique,105,84.0,8,5,43
Textile,368,69.01,14,7,24
Textile,365,83.2,23,1,167
Electronique,307,82.67,12,11,42
Electronique,56,59.15,19,2,172
Electronique,119,83.69,15,12,115
Textile,271,38.67,17,4,33
Electronique,399,2.32,17,5,0
Textile,325,7.51,17,2,0
Alimentaire,168,11.63,20,10,0
Alimentaire,94,10.39,22,9,0
Textile,384,32.95,10,1,0
Textile,110,63.71,23,2,202
Textile,136,71.58,17,8,131
Outillage,385,53.94,16,11,0
Outillage,224,14.89,10,2,0
Outillage,105,67.82,12,3,98
Textile,2,33.22,17,7,82
Alimentaire,171,3.14,11,2,0
Electronique,394,26.69,10,4,0
Textile,173,31.09,21,1,52
Electronique,279,26.13,12,6,0
Outillage,101,73.44,17,9,126
Outillage,310,68.87,4,5,0
Electronique,310,63.21,5,4,0
Outillage,243,14.23,21,6,0
Electronique,308,73.09,6,7,0
Textile,231,61.59,20,2,110
Electronique,151,19.15,22,2,22
Alimentaire,295,59.03,14,3,2
Textile,334,44.55,22,12,14
Textile,336,40.66,12,9,0
Alimentaire,85,11.87,23,2,0
Outillage,270,47.61,8,4,0
Outillage,1,10.79,12,5,39
Electronique,228,16.45,12,3,0
Textile,228,13.66,20,11,0
Textile,145,85.96,4,12,14
Alimentaire,397,27.07,21,3,0
Textile,353,33.26,4,1,0
Outillage,15,30.34,10,4,35
Outillage,83,81.05,16,7,151
Outillage,83,51.54,7,10,8
Textile,359,82.89,14,5,69
Alimentaire,207,28.39,24,4,72
Outillage,291,12.11,21,3,0
Alimentaire,323,50.95,4,1,0
Textile,307,32.41,16,1,0
Alimentaire,35,72.57,16,6,197
Alimentaire,56,79.39,5,8,49
Electronique,158,43.59,17,1,55
Outillage,135,87.48,14,3,130
Electronique,298,50.67,18,11,22
Electronique,62,25.84,10,12,0
Outillage,148,45.03,9,8,13
Textile,94,5.28,19,7,6
Alimentaire,75,72.75,19,7,215
Textile,69,10.93,7,5,0
Alimentaire,78,29.17,8,3,0
Electronique,225,51.75,16,5,42
Textile,164,5.78,21,9,0
Electronique,174,8.98,8,8,0
Textile,191,63.26,8,9,0
Outillage,296,8.32,20,8,0
Outillage,344,43.98,18,1,8
Alimentaire,210,31.81,22,8,75
Outillage,256,22.07,20,11,0
Textile,295,18.61,24,8,0
Alimentaire,276,69.18,7,7,0
Electronique,53,85.74,9,3,73
Alimentaire,393,14.34,8,10,0
Textile,65,86.45,5,6,38
Outillage,164,54.34,20,4,127
Electronique,261,58.47,17,6,55
Textile,161,64.47,5,2,1
Outillage,97,63.96,8,12,32
Outillage,369,74.14,8,9,0
Alimentaire,28,44.55,12,4,154
Electronique,98,48.94,13,10,58
Alimentaire,397,30.5,10,1,0
Outillage,291,11.26,23,5,0
Outillage,34,60.49,8,8,41
Textile,301,4.96,15,1,0
Electronique,387,26.26,13,9,0
Electronique,39,10.29,12,10,2
Alimentaire,165,18.78,21,8,33
Textile,187,58.21,24,3,173
Electronique,52,57.31,4,9,8
Textile,80,39.05,13,5,26
Textile,69,9.94,6,9,8
Electronique,74,40.14,13,8,39
Electronique,161,33.04,16,2,0
Alimentaire,185,65.4,12,2,82
Textile,95,52.95,10,1,64
Outillage,115,45.26,10,1,0
Alimentaire,76,44.85,10,4,35
Alimentaire,318,87.03,10,1,32
Outillage,84,68.55,11,12,92
Alimentaire,363,45.73,18,11,0
Alimentaire,215,44.17,6,3,0
Alimentaire,321,4.33,4,4,0
Electronique,254,84.94,14,9,51
Alimentaire,106,30.09,18,8,53
Textile,240,24.52,9,7,0
Outillage,109,89.95,8,12,40
Textile,47,65.24,17,8,145
Outillage,101,6.17,12,9,0
Textile,110,7.45,19,7,0
Electronique,54,4.24,7,7,0
Alimentaire,9,54.77,6,4,39
Outillage,377,8.3,15,7,0
Electronique,205,84.14,12,12,38
Outillage,160,84.45,19,5,205
Textile,371,50.05,14,2,1
Alimentaire,89,56.26,11,8,76
Outillage,161,27.69,7,10,0
Outillage,338,7.63,7,12,0
Electronique,252,66.9,19,7,74
Electronique,159,10.96,8,10,0
Textile,102,9.53,14,4,0
Outillage,14,29.39,21,6,95
Electronique,34,3.1,22,6,9
Textile,64,40.2,9,4,14
Electronique,314,64.28,6,9,0
Textile,255,72.52,20,11,118
Textile,173,55.18,18,4,118
Electronique,313,76.52,10,2,12
Textile,64,37.77,16,10,77
Outillage,84,76.69,7,11,53
Outillage,157,46.57,18,12,82
Electronique,366,21.63,19,4,0
Electronique,245,85.08,10,9,18
Electronique,340,26.2,13,9,0
Alimentaire,99,4.31,11,10,0
Electronique,339,23.36,4,10,0
Outillage,28,34.27,6,12,31
Outillage,91,32.92,24,6,88
Outillage,209,48.17,13,1,17
Electronique,20,79.72,7,3,62
Electronique,343,27.73,4,11,0
Outillage,346,47.83,11,11,0
Alimentaire,216,31.93,24,1,34
Textile,122,74.32,12,5,86
Outillage,39,15.87,24,3,14
Electronique,247,11.11,14,4,0
Electronique,215,46.26,20,8,38
Electronique,303,61.13,20,7,43
Electronique,241,72.01,4,6,0
Electronique,51,53.89,4,6,0
Outillage,48,70.1,23,8,210
Textile,312,36.56,23,9,41
Outillage,63,4.89,6,1,2
Outillage,375,12.22,17,2,0
Outillage,42,5.41,23,5,0
Electronique,291,30.95,23,6,0
Alimentaire,390,45.6,10,12,0
Outillage,176,33.36,21,11,22
Electronique,22,51.33,17,8,90
Electronique,350,44.29,23,1,15
Textile,74,61.66,7,2,38
Outillage,210,60.69,16,6,74
Outillage,393,29.99,4,8,0
Outillage,297,32.47,11,8,0
Electronique,18,53.49,4,2,22
Outillage,328,54.49,13,11,0
Outillage,64,29.69,21,6,100
Textile,299,31.07,17,8,0
Outillage,248,63.08,10,1,0
Outillage,115,58.97,12,10,61
Alimentaire,169,13.88,11,7,0
Electronique,47,40.81,19,3,95
Alimentaire,394,80.56,9,4,0
Electronique,95,5.19,5,5,2
Electronique,123,77.25,14,1,90
Electronique,201,16.36,21,12,0
Textile,268,46.64,14,10,0
Textile,202,39.34,8,11,0
Textile,202,2.89,4,5,0
Textile,233,82.55,23,7,189
Textile,343,42.03,19,6,0
Textile,158,85.98,7,6,51
Electronique,332,27.23,5,8,0
Outillage,314,78.23,6,6,0
Alimentaire,384,83.17,11,10,0
Electronique,365,51.0,21,1,5
Outillage,319,19.84,7,3,0
Textile,98,62.3,21,11,152
Electronique,309,50.31,4,11,0
Electronique,294,85.12,19,10,110
Electronique,115,40.66,9,5,0
Alimentaire,271,25.63,24,6,27
Electronique,101,14.17,13,1,0
Textile,209,63.48,9,4,0
Textile,318,87.72,9,9,0
Outillage,75,4.49,21,5,0
Textile,134,67.16,12,6,91
Textile,318,83.57,11,2,29
Textile,181,8.58,19,6,0
Electronique,384,11.69,15,9,0
Electronique,3,62.89,17,7,120
Textile,288,59.02,13,7,0
Electronique,325,8.06,5,11,0
Electronique,367,75.43,4,3,0
Electronique,62,48.06,4,4,0
Outillage,393,81.83,16,8,52
Alimentaire,156,79.26,14,6,132
Textile,140,73.5,19,12,128
Alimentaire,142,47.4,22,1,113
Electronique,255,24.15,7,2,0
Alimentaire,263,46.53,24,5,126
Electronique,189,10.87,23,6,0
Outillage,28,59.98,16,11,114
Electronique,394,13.79,15,6,0
Alimentaire,88,46.98,7,6,0
Outillage,37,6.79,7,3,0
Textile,238,28.36,4,6,0
Alimentaire,164,22.42,17,7,9
Textile,246,56.56,13,8,10
Outillage,350,71.24,8,8,0
Alimentaire,38,7.04,6,6,0
Textile,113,76.82,5,2,16
Outillage,206,77.75,17,2,124
Textile,315,32.12,18,2,0
Alimentaire,240,59.99,17,8,72
Electronique,153,37.43,6,11,0
Electronique,244,15.57,4,11,0
Outillage,391,48.52,6,4,0
Textile,192,9.6,19,1,0
Alimentaire,353,79.31,19,8,108
Alimentaire,311,83.34,10,1,56
Textile,120,74.3,5,8,10
Textile,99,51.5,10,5,34
Textile,308,51.07,21,11,43
Alimentaire,82,88.65,7,8,43
Textile,134,23.82,20,9,39
Alimentaire,94,8.68,13,5,0
Outillage,242,51.45,6,11,0
Electronique,117,30.93,23,7,49
Electronique,263,30.37,14,8,0
Alimentaire,373,2.62,18,5,0
Textile,331,54.47,6,6,0
Textile,379,25.23,11,11,0
Alimentaire,9,18.53,17,5,60
Outillage,182,5.56,17,1,0
Alimentaire,88,34.06,5,5,1
Electronique,367,79.35,16,5,56
Electronique,284,31.63,23,6,0
Outillage,128,61.76,20,1,143
Electronique,225,68.58,8,2,0
Outillage,242,30.87,23,4,26
Alimentaire,198,74.3,18,6,145
Electronique,189,62.89,5,1,0
Alimentaire,22,51.21,6,5,68
Textile,180,2.09,23,4,0
Alimentaire,139,5.09,8,1,0
Outillage,327,89.2,6,4,0
Textile,346,70.84,13,4,28
Alimentaire,300,84.51,15,2,120
Textile,12,81.4,16,10,219
Outillage,336,3.8,17,1,0
Alimentaire,158,71.68,24,7,229
Electronique,166,41.7,19,8,36
Alimentaire,378,71.48,4,10,0
Outillage,346,2.59,5,7,0
Electronique,20,27.36,4,7,20
Outillage,143,68.12,12,10,66
Textile,299,71.79,11,11,11
Textile,215,56.53,23,3,122
Alimentaire,103,28.51,11,10,4
Outillage,209,29.31,4,6,0
Electronique,346,87.08,22,2,170
Alimentaire,89,40.65,9,8,38
Alimentaire,298,41.35,23,12,30
Alimentaire,293,50.61,20,2,84
Alimentaire,354,38.04,22,1,4
Electronique,119,50.64,21,11,105
Electronique,86,40.05,7,8,2
Electronique,219,74.75,17,3,138
Textile,212,82.0,12,10,49
Alimentaire,163,84.03,17,5,184
Textile,311,51.66,19,4,52
Textile,319,40.91,14,4,0
Textile,98,64.06,10,8,50
Textile,318,75.77,23,2,150
Textile,92,51.54,17,5,89
Textile,163,63.6,22,4,149
Textile,10,67.98,8,1,97
Textile,136,61.52,21,10,113
Alimentaire,383,67.66,10,1,0
Electronique,177,20.36,13,12,0
Outillage,284,45.86,22,2,30
Alimentaire,43,53.77,11,5,93
Textile,254,2.22,9,2,0
Electronique,148,77.32,23,5,211
Alimentaire,297,55.68,24,8,86
Textile,371,13.36,10,2,0
Textile,212,73.84,10,7,4
Textile,41,65.1,8,10,57
Alimentaire,190,68.73,4,6,0
Outillage,49,36.5,15,2,52
Textile,179,77.17,9,9,18
Outillage,24,38.43,21,3,124
Textile,256,52.2,7,1,0
Textile,124,2.06,17,6,0
Outillage,80,58.75,14,4,134
Electronique,6,65.2,16,1,155
Outillage,355,51.91,6,10,0
Outillage,334,45.7,13,8,0
Textile,324,73.27,17,11,24
Textile,23,61.96,11,6,101
Textile,139,26.47,22,6,24
Alimentaire,388,86.4,15,11,73
Outillage,231,64.24,11,1,20
Electronique,51,88.94,4,5,37
Alimentaire,56,87.47,7,10,58
Textile,105,82.86,14,4,156
Outillage,388,68.47,12,11,0
Alimentaire,67,55.63,22,4,226
Alimentaire,361,17.15,20,5,0
Electronique,271,49.81,7,11,0
Electronique,368,69.35,16,3,57
Electronique,330,47.84,13,12,0
Electronique,132,78.41,6,1,41
Outillage,331,11.65,17,4,0
Outillage,67,35.52,15,8,19
Outillage,116,46.52,5,8,17
Electronique,84,40.04,13,11,59
Electronique,53,11.56,19,12,11
Alimentaire,36,15.51,10,9,0
Textile,74,75.71,11,8,74
Alimentaire,48,44.63,6,4,0
Alimentaire,152,6.29,8,10,0
Electronique,28,3.45,24,8,0
Textile,24,43.67,17,1,107
Alimentaire,395,16.47,7,10,0
Electronique,35,64.05,14,5,89
Textile,29,71.99,8,6,76
Outillage,12,22.09,13,6,31
Electronique,53,54.11,7,10,44
Alimentaire,211,15.59,16,4,0
Outillage,330,28.72,15,5,0
Textile,293,80.21,17,1,57
Outillage,232,49.88,13,5,0
Alimentaire,34,79.96,10,2,157
Alimentaire,309,21.82,9,7,0
Textile,14,31.04,8,11,31
Electronique,252,43.44,13,6,0
Electronique,163,44.25,13,11,13
Textile,352,89.79,18,12,123
Textile,123,12.07,5,1,0
Electronique,255,76.97,9,7,5
Textile,175,78.0,21,7,163
Alimentaire,208,50.68,23,5,111
Textile,375,32.28,23,10,0
Outillage,285,47.69,10,5,0
Electronique,165,27.74,6,1,0
Outillage,178,72.32,8,7,25
Alimentaire,281,45.85,6,3,0
Outillage,138,83.47,24,5,252
Alimentaire,67,56.8,22,7,193
Alimentaire,187,47.26,21,9,78
Outillage,27,64.57,19,4,195
Textile,67,46.35,11,5,20
Electronique,168,81.6,13,1,82
Textile,318,18.23,21,5,0
Outillage,312,87.65,21,7,178
Alimentaire,104,73.47,14,8,81
Outillage,168,77.74,21,4,189
Textile,61,44.5,11,1,78
Alimentaire,302,75.67,12,7,20
Electronique,98,29.0,21,8,39
Textile,319,69.05,11,2,10
Electronique,336,14.36,19,7,0
Outillage,275,29.02,13,2,0
Textile,132,41.22,10,6,21
Alimentaire,381,30.36,8,8,0
Electronique,274,36.06,16,9,0
Textile,258,74.17,14,9,33
Electronique,342,24.59,11,10,0
Alimentaire,352,67.58,19,3,78
Outillage,31,8.49,4,11,3
Outillage,352,69.39,5,5,0
Outillage,306,71.7,24,5,136
Outillage,82,37.35,17,10,65
Textile,123,65.58,15,4,87
Electronique,301,82.53,4,1,0
Outillage,86,72.46,16,9,114
Outillage,180,36.36,13,8,21
Outillage,275,44.61,16,7,0
Textile,260,70.58,4,2,0
Electronique,363,27.75,15,8,0
Textile,44,72.74,16,3,178
Alimentaire,118,30.87,10,7,8
Outillage,393,72.93,5,7,0
Alimentaire,227,9.64,24,10,0
Alimentaire,99,5.91,18,12,0
Electronique,115,89.8,17,3,198
Outillage,135,78.51,20,2,205
Outillage,221,79.69,18,7,105
Electronique,113,85.71,6,12,14
Alimentaire,248,40.57,13,2,15
Alimentaire,178,27.24,22,6,28
Alimentaire,244,13.44,10,5,0
Outillage,62,46.11,24,4,144
Electronique,249,21.36,5,8,0
Alimentaire,369,84.33,10,4,23
Electronique,54,2.35,11,6,0
Electronique,130,14.6,16,11,0
Outillage,277,23.69,7,5,0
Outillage,246,19.51,8,1,0
Electronique,269,21.87,17,11,0
Textile,223,59.73,9,4,14
Electronique,273,30.82,22,10,0
Electronique,243,56.12,22,10,73
Alimentaire,29,80.34,10,7,144
Electronique,300,55.02,15,2,36
Alimentaire,178,63.12,10,12,40
Outillage,20,34.16,11,9,46
Textile,163,16.06,18,6,0
Textile,174,30.21,10,11,0
Alimentaire,34,86.86,7,10,84
Electronique,398,56.72,9,10,0
Electronique,88,26.42,23,3,72
Alimentaire,132,41.68,9,8,0
Electronique,176,75.53,11,4,77
Outillage,333,60.82,17,1,35
Outillage,297,51.34,6,5,0
Outillage,308,79.89,9,2,26
Textile,94,61.17,7,2,59
Textile,338,58.56,23,9,63
Textile,331,18.7,23,7,0
Alimentaire,185,11.36,19,5,0
Textile,218,86.93,9,3,70
Outillage,14,54.7,16,10,125
Outillage,304,38.58,17,8,0
Textile,384,53.83,22,8,59
Electronique,189,7.44,7,3,0
Textile,216,74.35,19,2,131
Alimentaire,199,21.06,8,2,0
Textile,33,72.8,15,1,160
Textile,247,49.03,22,12,63
Outillage,288,26.34,5,5,0
Alimentaire,371,4.66,7,8,0
Outillage,371,73.79,21,12,81
Outillage,196,17.53,4,12,0
Alimentaire,383,6.56,18,4,0
Alimentaire,211,68.52,14,6,70
Textile,256,32.8,11,6,0
Outillage,240,36.26,22,1,10
Textile,399,23.74,21,10,0
Outillage,295,77.61,10,7,16
Alimentaire,48,28.16,4,5,13
Textile,28,20.5,6,7,0
Alimentaire,163,29.21,6,9,0
Outillage,206,19.88,24,1,0
Alimentaire,267,29.95,16,8,0
Textile,192,9.3,18,11,0
Electronique,205,15.95,8,9,0
Outillage,368,38.7,21,8,0
Alimentaire,133,79.39,19,2,239
Alimentaire,197,7.04,19,9,0
Textile,222,20.72,13,10,0
Alimentaire,187,81.93,18,6,174
Outillage,387,80.32,15,7,67
Textile,384,61.79,12,8,0
Textile,205,23.16,16,2,0
Electronique,180,38.94,10,4,0
Electronique,235,20.59,24,10,0
Alimentaire,72,13.32,19,12,19
Outillage,170,35.44,19,4,64
Outillage,86,52.67,19,5,120
Textile,57,33.67,13,11,63
Textile,38,55.75,23,2,180
Alimentaire,234,28.07,8,4,0
Electronique,0,32.43,15,1,57
Electronique,258,71.58,5,3,0
Alimentaire,172,79.29,10,8,63
Alimentaire,146,30.34,16,5,67
Electronique,307,52.29,14,12,0
Alimentaire,215,26.48,23,11,31
Electronique,293,6.69,16,11,0
Textile,283,66.93,12,9,2
Outillage,12,17.05,12,9,40
Textile,86,39.46,16,7,93
Alimentaire,227,44.86,20,12,91
Alimentaire,390,18.23,9,2,0
Alimentaire,61,10.32,16,9,4
Electronique,42,32.63,16,2,65
Textile,376,85.8,4,5,0
Textile,386,56.13,23,4,36
Electronique,66,35.56,15,8,24
Alimentaire,160,5.42,9,10,0
Alimentaire,250,54.82,17,1,62
Electronique,78,10.12,18,8,0
Textile,130,49.74,23,3,130
Textile,158,68.17,4,1,0
Textile,256,39.28,12,6,0
Textile,123,28.35,7,7,0
Outillage,164,6.17,16,3,0
Outillage,115,4.18,14,5,0
Textile,303,39.84,13,12,0
Outillage,61,79.73,24,5,229
Alimentaire,92,23.48,15,12,0
Outillage,99,52.52,12,11,52
Outillage,362,62.22,5,5,0
Textile,377,7.35,10,7,0
Outillage,200,15.47,22,9,0
Textile,62,31.15,13,6,20
Textile,302,60.97,23,5,103
Alimentaire,196,40.64,15,4,28
Outillage,339,66.61,15,2,62
Textile,143,78.35,13,1,95
Outillage,399,68.74,15,5,13
Alimentaire,322,89.32,5,10,0
Outillage,89,68.38,5,3,18
Electronique,290,76.99,13,3,55
Electronique,114,75.25,16,4,146
Textile,139,66.26,15,8,97
Textile,100,72.56,13,3,116
Outillage,272,84.25,10,3,38
Alimentaire,105,43.82,18,2,100
Textile,255,58.17,16,4,43
Textile,232,47.31,4,3,0
Outillage,300,76.89,13,10,64
Textile,397,39.96,18,11,0
Alimentaire,3,74.14,20,5,251
Outillage,396,72.34,10,2,0
Electronique,43,86.65,23,2,259
Outillage,210,23.91,17,4,0
Electronique,136,64.45,13,6,83
Alimentaire,255,68.61,17,7,117
Outillage,288,84.39,22,4,169
Textile,343,81.81,8,5,0
Outillage,160,52.47,7,4,39
Textile,373,52.97,13,7,0
Textile,128,16.72,5,9,0
Alimentaire,81,87.8,21,1,282
Electronique,151,24.44,24,6,31
Electronique,211,65.78,16,8,54
Alimentaire,267,72.03,24,9,178
Electronique,333,40.83,5,7,0
Textile,89,20.59,17,7,0
Outillage,121,18.63,13,9,0
Outillage,375,77.37,9,5,0
Alimentaire,175,46.95,10,7,9
Outillage,96,9.93,15,4,0
Outillage,394,65.1,17,6,38
Outillage,179,24.02,7,2,0
Alimentaire,394,79.12,16,5,65
Alimentaire,367,29.24,23,2,0
Outillage,362,19.62,4,3,0
Electronique,232,9.47,22,6,0
Alimentaire,319,47.01,16,7,6
Electronique,384,41.66,11,12,0
Outillage,107,68.12,19,1,137
Textile,15,42.89,16,11,76
Electronique,128,32.26,20,4,30
Electronique,254,25.03,5,9,0
Textile,218,26.48,5,9,0
Textile,32,83.65,17,12,174
Outillage,224,16.53,10,2,0
Alimentaire,69,88.96,9,12,111
Outillage,202,30.77,12,1,0
Alimentaire,230,9.78,19,11,0
Outillage,254,23.88,7,8,0
Electronique,165,7.14,24,6,0
Electronique,163,71.52,12,5,32
Electronique,271,47.1,7,2,0
Alimentaire,299,31.65,5,10,0
Outillage,323,60.26,22,9,40
Electronique,133,57.5,6,12,0
Alimentaire,169,84.71,12,9,113
Electronique,132,86.59,18,12,176
Outillage,211,61.9,14,11,32
Textile,50,73.97,9,6,90
Outillage,172,71.73,6,9,0
Textile,75,45.23,18,4,85
Textile,212,63.99,14,10,30
Outillage,340,8.89,5,8,0
Electronique,394,68.71,7,6,0
Outillage,178,86.64,15,8,108
Textile,22,9.48,7,4,0
Textile,91,75.58,12,8,89
Alimentaire,41,84.1,6,6,76
Outillage,303,21.9,20,4,0
Alimentaire,393,48.18,17,12,0
Electronique,221,83.65,20,1,166
Outillage,70,86.5,5,10,48
Electronique,8,13.25,11,3,9
Electronique,390,32.71,9,3,0
Textile,126,63.44,17,2,142
Electronique,44,21.5,21,2,30
Outillage,70,30.58,8,2,45
Alimentaire,102,4.05,20,10,0
Electronique,262,15.51,16,12,0
Outillage,356,51.48,21,8,2
Textile,110,59.47,5,1,45
Alimentaire,274,59.1,24,11,113
Textile,25,70.5,13,8,104
Textile,4,38.54,9,7,40
Electronique,21,26.07,7,12,19
Outillage,369,3.37,24,5,0
Alimentaire,232,20.18,22,5,0
Textile,322,29.49,6,10,0
Outillage,8,17.68,13,7,30
Textile,8,3.77,19,9,7
Textile,339,15.86,16,9,0
Alimentaire,41,60.62,7,11,74
Electronique,62,57.4,11,4,67
Alimentaire,207,84.34,11,1,97
Outillage,242,72.24,10,6,0
Textile,91,51.96,24,8,148
Alimentaire,177,14.1,8,10,0
Outillage,269,51.64,18,4,27
Outillage,177,7.42,23,9,0
Outillage,153,39.92,20,10,78
Alimentaire,28,36.34,20,10,102
Textile,180,39.65,7,10,1
Textile,321,26.62,6,12,0
Alimentaire,250,62.35,20,8,117
Alimentaire,357,76.0,19,5,104
Electronique,50,69.63,19,6,166
Alimentaire,4,57.24,12,9,104
Textile,219,49.37,14,3,42
Outillage,71,4.74,4,8,0
Outillage,237,65.62,10,7,0
Electronique,361,49.96,15,8,0
Textile,134,25.83,6,6,6
Electronique,219,30.85,6,9,0
Textile,272,84.33,4,1,0
Alimentaire,60,56.94,8,9,55
Alimentaire,358,43.88,24,10,26
Textile,81,56.64,18,11,109
Alimentaire,323,38.41,23,12,38
Outillage,263,43.38,9,5,0
Textile,56,27.55,16,1,41
Outillage,289,40.71,22,8,16
Textile,78,62.33,11,2,104
Alimentaire,239,5.51,17,4,0
Outillage,383,71.96,18,9,14
Alimentaire,381,26.9,21,8,0
Textile,348,62.07,24,8,79
Electronique,197,58.56,16,10,29
Electronique,223,59.43,16,2,32
Textile,120,55.52,22,10,132
Electronique,368,86.4,18,8,80
Outillage,190,46.73,11,6,0
Outillage,308,66.44,17,6,59
Textile,143,64.08,15,7,85
Textile,296,22.79,8,7,0
Textile,89,26.93,14,5,36
Electronique,293,39.31,17,3,0
Alimentaire,18,26.44,22,3,90
Alimentaire,41,34.27,16,5,86
Outillage,140,36.4,7,4,0
Electronique,192,55.14,24,7,106
Alimentaire,284,21.35,16,11,0
Alimentaire,143,72.78,10,2,76
Electronique,7,40.5,19,4,136
Electronique,130,64.15,12,1,83
Alimentaire,175,9.17,11,12,0
Electronique,217,43.36,21,9,34
Electronique,257,4.48,22,3,0
Alimentaire,99,61.48,15,5,113
Electronique,244,32.25,11,9,0
Textile,252,85.53,22,12,185
Electronique,310,30.52,7,7,0
Alimentaire,208,51.61,19,4,108
Alimentaire,324,24.65,16,9,0
Outillage,88,56.57,21,9,125
Textile,284,43.1,12,8,10
Outillage,18,34.62,21,1,106
Alimentaire,41,19.92,4,9,0
Alimentaire,345,11.81,19,1,0
Alimentaire,190,12.55,5,11,0
Outillage,248,89.92,17,11,133
Outillage,241,38.28,8,7,0
Outillage,277,2.17,24,8,0
Outillage,98,85.86,20,1,218
Textile,71,3.76,6,11,0
Textile,17,38.84,22,4,139
Outillage,345,65.14,9,4,0
Alimentaire,89,82.48,15,9,172
Alimentaire,230,64.73,5,12,0
Outillage,181,42.8,6,6,0
Alimentaire,64,87.75,9,7,74
Electronique,165,5.46,15,7,0
Textile,33,88.85,15,4,170
Alimentaire,70,76.75,21,8,216
Outillage,55,83.75,7,12,86
Outillage,329,24.42,19,5,0
Alimentaire,226,14.54,4,10,0
Textile,370,60.37,10,10,0
Outillage,174,47.4,7,11,0
Textile,80,48.04,6,9,1
Electronique,243,83.37,16,12,86
Textile,371,56.57,22,9,9
Textile,213,29.37,18,12,0
Textile,7,37.21,21,9,121
Electronique,121,13.75,16,11,0
Alimentaire,369,18.92,5,11,0
Outillage,207,14.61,11,12,0
Electronique,380,73.31,21,8,51
Alimentaire,203,64.03,4,9,0
Alimentaire,4,48.67,6,12,71
Electronique,349,34.94,21,5,0
Electronique,305,60.83,5,2,0
Alimentaire,286,73.54,24,11,212
Outillage,388,79.55,19,8,72
Electronique,78,50.14,17,6,83
Alimentaire,362,74.15,15,9,54
Electronique,93,46.99,5,1,13
Textile,388,43.76,12,6,0
Alimentaire,76,78.16,20,4,229
Outillage,220,36.0,22,4,50
Textile,315,36.84,13,12,0
Outillage,31,28.83,21,7,84
Textile,26,47.65,20,2,136
Alimentaire,339,49.95,5,5,0
Outillage,24,60.12,17,3,147
Alimentaire,245,39.88,16,11,8
Outillage,375,21.17,15,4,0
Outillage,245,78.28,20,5,161
Textile,192,32.45,22,5,66
Textile,166,83.22,15,3,124
Alimentaire,255,20.25,10,10,0
Outillage,228,51.29,24,7,97
Textile,200,49.22,24,6,99
Outillage,61,74.92,18,5,152
Alimentaire,265,14.22,17,9,0
Outillage,295,82.07,6,2,0
Alimentaire,283,48.77,12,12,0
Electronique,30,53.58,8,7,71
Electronique,281,46.89,14,3,4
Textile,291,5.17,21,7,0
Alimentaire,73,45.74,8,11,0
Electronique,339,25.19,24,3,0
Alimentaire,209,32.16,6,7,0
Textile,188,59.12,6,8,17
Alimentaire,289,45.8,24,10,50
Outillage,203,10.2,6,7,0
Outillage,217,8.43,19,9,0
Textile,124,18.34,20,10,6
Outillage,371,18.8,10,11,0
Alimentaire,387,55.53,5,5,0
Electronique,52,17.65,10,9,0
Electronique,293,79.59,5,3,0
Outillage,9,20.46,18,11,48
Outillage,147,10.02,22,12,0
Textile,387,79.07,24,4,142
Electronique,69,27.99,20,7,74
Alimentaire,150,39.44,20,10,70
Electronique,87,86.39,22,1,246
Electronique,291,85.1,20,9,113
Electronique,185,64.91,17,10,66
Textile,237,8.07,24,11,0
Electronique,377,54.21,10,3,0
Outillage,208,89.04,12,10,87
Alimentaire,293,85.33,23,10,186
Alimentaire,39,11.33,10,1,0
Textile,86,36.85,10,9,0
Outillage,378,29.77,7,8,0
Alimentaire,343,13.42,9,12,0
Electronique,262,63.14,16,1,30
Electronique,151,26.1,22,12,30
Outillage,79,32.35,6,7,1
Electronique,340,9.95,18,4,0
Textile,314,45.82,20,5,34
Alimentaire,96,15.92,22,10,21
Outillage,235,40.02,19,12,0
Electronique,247,14.61,7,4,0
Outillage,190,85.94,14,12,113
Textile,370,14.76,23,8,0
Alimentaire,49,47.93,23,3,204
Electronique,103,19.33,16,8,0
Outillage,38,8.72,24,10,8
Alimentaire,277,19.8,18,1,0
Alimentaire,257,6.82,5,1,0
Alimentaire,394,14.27,23,1,0
Electronique,216,45.43,7,7,0
Alimentaire,60,59.36,11,1,91
Electronique,180,9.69,9,12,0
Electronique,35,40.81,19,2,122
Alimentaire,268,53.15,4,1,0
Electronique,269,22.61,17,4,0
Alimentaire,343,34.74,22,10,0
Outillage,135,8.32,20,11,0
Electronique,124,21.37,10,4,2
Electronique,28,43.07,22,7,110
Electronique,166,89.16,11,10,59
Textile,190,89.67,18,10,169
Alimentaire,301,88.21,14,2,136
Alimentaire,301,39.23,5,11,0
Electronique,56,9.1,4,11,0
Alimentaire,114,30.47,7,9,0
Alimentaire,204,22.92,23,7,18
Alimentaire,134,3.24,24,5,0
Textile,10,10.38,12,11,47
Outillage,338,41.88,24,11,27
Alimentaire,292,31.89,5,7,0
Outillage,208,17.87,24,9,15
Textile,126,65.02,8,5,25
Alimentaire,337,33.43,4,9,0
Electronique,14,76.96,19,2,185
Alimentaire,178,23.21,12,11,0
Textile,320,49.38,10,7,0
Electronique,381,18.2,19,8,0
Outillage,100,45.59,10,3,43
Alimentaire,260,15.42,19,7,0
Outillage,75,16.22,8,1,0
Textile,46,55.88,5,11,36
Alimentaire,141,25.21,10,9,0
Electronique,354,17.17,16,6,0
Textile,275,83.82,8,11,8
Alimentaire,195,5.78,7,10,0
Electronique,113,51.73,19,2,115
Outillage,56,50.25,14,1,55
Alimentaire,108,24.05,13,4,14
Electronique,61,41.84,9,1,11
Alimentaire,74,9.72,4,7,6
Alimentaire,275,65.47,5,7,0
Outillage,53,21.51,18,7,5
Textile,18,19.02,5,1,10
Electronique,216,29.71,9,12,0
Electronique,114,81.41,23,12,187
Textile,181,72.09,11,8,52
Electronique,55,85.33,19,1,174
Alimentaire,83,59.37,11,5,61
Electronique,176,60.34,23,9,101
Electronique,276,44.24,21,9,34
Outillage,165,81.66,13,3,129
Electronique,216,46.96,18,10,51
Electronique,208,33.25,12,12,0
Outillage,107,58.35,23,7,103
Electronique,111,50.06,11,5,46
Outillage,170,12.91,21,7,4
Electronique,12,36.56,16,1,101
Electronique,274,29.57,17,7,0
Electronique,245,76.52,11,1,12
Textile,122,35.34,21,1,58
Textile,149,74.3,19,7,176
Alimentaire,131,40.93,21,7,61
Electronique,260,68.31,20,12,74
Electronique,303,13.9,7,7,0
Textile,43,83.37,22,12,239
Electronique,165,44.29,21,10,38
Textile,5,24.86,9,5,59
Textile,180,23.25,24,12,25
Outillage,99,25.33,15,6,13
Alimentaire,134,34.27,10,8,0
Electronique,182,65.14,8,2,49
Alimentaire,129,85.57,11,3,117
Outillage,157,60.88,4,7,4
Textile,305,50.15,18,4,47
Textile,324,41.48,18,8,0
Alimentaire,2,74.88,18,1,214
Electronique,151,76.77,15,4,140
Outillage,338,27.79,11,8,0
Outillage,212,85.9,19,8,109
Outillage,82,36.77,22,12,97
Outillage,237,72.41,5,11,0
Alimentaire,57,87.08,12,10,117
Alimentaire,8,63.92,24,1,257
Electronique,252,16.22,22,8,0
Outillage,206,53.58,24,3,118
Textile,302,12.45,7,4,0
Alimentaire,137,71.44,13,3,104
Outillage,341,26.76,6,6,0
Textile,168,63.18,22,2,135
Outillage,295,82.09,14,7,83
Outillage,40,17.93,9,2,20
Electronique,38,36.57,5,7,43
Alimentaire,313,58.95,19,8,54
Textile,333,38.93,21,3,0
Outillage,376,17.38,22,2,0
Electronique,129,4.56,24,10,0
Alimentaire,8,37.78,21,9,111
Textile,391,59.13,20,4,57
Outillage,240,52.51,21,11,45
Electronique,98,15.75,24,3,34
Textile,305,41.66,13,12,0
Alimentaire,361,34.51,19,2,9
Electronique,113,26.13,21,8,46
Textile,307,66.18,6,1,0
Alimentaire,315,29.25,18,3,0
Textile,200,49.53,11,5,0
Alimentaire,252,83.24,6,2,35
Outillage,107,49.46,7,6,0
Electronique,371,56.3,6,3,0
Outillage,393,8.45,22,2,0
Electronique,392,17.68,20,12,0
Textile,294,10.88,6,12,0
Alimentaire,16,69.3,17,12,201
Alimentaire,146,75.56,17,2,133
Electronique,177,18.41,14,5,0
Textile,383,21.3,16,4,0
Electronique,218,30.44,23,4,39
Textile,214,54.01,14,5,10
Textile,58,56.72,17,7,89
Outillage,317,62.43,15,6,32
Textile,134,81.66,12,4,122
Alimentaire,36,27.96,22,12,83
Textile,395,59.97,12,12,0
Outillage,76,51.26,20,4,140
Alimentaire,6,28.91,16,3,74
Electronique,31,81.85,18,7,161
Outillage,181,10.4,19,5,0
Electronique,41,64.66,19,12,163
Textile,337,66.05,15,6,40
Electronique,204,82.55,16,1,121
Electronique,129,47.64,14,2,31
Outillage,1,30.3,11,1,62
Electronique,191,74.84,19,5,134
Textile,60,69.83,22,4,205
Textile,391,46.03,18,11,0
Electronique,116,69.57,20,11,128
Electronique,189,25.57,21,2,28
Outillage,7,53.88,11,12,57
Textile,52,78.14,5,8,16
Electronique,82,29.98,11,4,13
Outillage,20,44.55,19,5,148
Alimentaire,290,85.69,21,6,205
Electronique,378,72.24,14,3,0
Outillage,394,80.06,20,11,106
Electronique,106,35.9,5,1,13
Textile,315,89.69,17,1,95
Outillage,201,15.43,18,4,0
Textile,18,47.65,14,2,94
Textile,36,44.18,19,1,132
Alimentaire,219,72.26,14,5,120
Electronique,169,81.96,14,5,87
Textile,3,66.34,16,2,193
Outillage,372,57.16,20,10,0
Electronique,292,39.61,9,11,0
Outillage,200,46.91,10,9,0
Alimentaire,394,46.82,12,7,0
Textile,388,3.79,8,12,0
Electronique,389,46.27,11,5,0
Textile,103,77.33,11,6,61
Electronique,352,64.42,10,1,0
Alimentaire,201,72.02,12,9,66
Textile,290,36.36,14,2,0
Electronique,343,48.55,18,8,0
Alimentaire,65,4.95,10,10,3
Textile,179,35.7,21,3,50
Electronique,51,43.75,14,8,36
Alimentaire,111,24.46,19,4,37
Alimentaire,165,4.75,6,5,0
Textile,342,62.76,7,7,0
Outillage,345,40.29,13,3,0
Outillage,155,38.58,11,10,36
Electronique,131,24.0,14,5,20
Electronique,212,49.33,7,6,0
Electronique,364,40.55,13,10,0
Textile,390,43.71,18,3,0
Electronique,90,53.12,19,6,85
Electronique,74,2.56,9,12,0
Outillage,282,81.88,11,5,11
Outillage,120,8.26,15,2,0
Outillage,79,41.68,14,4,40
Alimentaire,12,20.25,20,12,40
Textile,161,48.09,12,10,50
Textile,156,26.66,18,10,10
Electronique,225,77.68,22,4,173
Textile,80,36.88,10,11,0
Textile,285,58.21,21,5,71
Alimentaire,272,23.9,10,10,0
Outillage,184,3.71,11,11,0
Textile,72,37.57,17,3,35
Textile,202,49.21,17,12,53
Textile,269,42.44,15,8,0
Outillage,149,86.66,8,9,62
Textile,105,64.2,6,10,3
Alimentaire,202,89.62,23,3,245
Outillage,142,27.97,22,9,13
Textile,160,71.44,22,3,167
Outillage,139,50.89,14,4,73
Electronique,121,55.83,22,2,87
Alimentaire,286,88.76,13,3,91
Outillage,184,59.55,5,12,4
Textile,186,81.1,8,4,34
Outillage,261,65.87,9,5,13
Electronique,144,13.21,11,6,0
Electronique,40,63.55,23,9,140
Outillage,341,44.62,10,7,0
Alimentaire,22,82.85,16,7,198
Textile,228,73.0,9,11,12
Alimentaire,106,11.16,17,6,0
Alimentaire,85,13.78,15,10,3
Outillage,16,8.13,7,11,0
Electronique,360,45.41,13,9,0
Outillage,171,9.11,6,1,0
Outillage,137,65.68,22,4,181
Textile,296,50.61,18,8,6
Alimentaire,15,75.56,23,6,227
Electronique,225,26.62,22,4,0
Textile,197,47.68,8,5,16
Alimentaire,221,12.34,18,1,0
Electronique,49,79.85,6,3,46
Alimentaire,381,17.4,24,10,0
Outillage,95,11.01,20,1,26
Alimentaire,271,20.04,18,11,0
Electronique,298,72.95,24,5,136
Textile,137,11.31,21,10,0
Electronique,52,56.07,22,4,150
Outillage,118,67.66,6,10,2
Outillage,322,68.1,4,7,0
Outillage,362,18.73,24,11,0
Outillage,374,7.42,9,1,0
Electronique,90,41.49,12,10,39
Electronique,242,19.82,4,4,0
Alimentaire,60,63.54,17,5,139
Alimentaire,284,33.39,21,1,27
Outillage,166,41.54,21,12,54
Textile,285,11.99,16,8,0
Textile,274,51.94,17,12,43
Outillage,397,18.33,14,7,0
Textile,195,61.75,13,2,98
Alimentaire,136,8.26,15,5,0
Alimentaire,210,87.88,23,6,271
Textile,65,62.24,9,2,77
Electronique,44,17.99,13,12,48
Textile,207,3.24,16,12,0
Textile,330,31.43,15,7,0
Textile,213,15.45,4,8,0
Textile,312,21.22,10,9,0
Outillage,71,78.8,17,9,161
Outillage,179,55.08,18,1,107
Textile,245,17.53,19,7,0
Alimentaire,139,50.99,24,10,124
Electronique,5,24.51,18,10,56
Outillage,29,87.91,16,8,174
Outillage,371,4.88,10,11,0
Textile,242,66.44,11,8,74
Outillage,105,70.02,21,5,189
Outillage,103,7.91,13,6,0
Outillage,15,17.12,19,9,14
Textile,377,35.82,6,11,0
Electronique,43,78.4,6,3,37
Electronique,303,49.26,8,4,0
Electronique,96,59.67,8,8,35
Alimentaire,134,70.91,16,10,114
Textile,109,74.87,17,5,187
Alimentaire,329,43.91,15,8,0
Electronique,13,46.77,10,1,59
Electronique,140,65.18,16,4,114
Outillage,111,25.17,6,12,0
Outillage,109,77.2,13,7,122
Alimentaire,77,3.83,7,11,0
Outillage,364,19.23,5,3,0
Textile,151,72.42,7,4,13
Outillage,167,31.94,6,12,0
Outillage,154,15.19,14,12,0
Textile,392,18.43,15,11,0
Alimentaire,135,48.71,16,4,56
Textile,136,76.46,13,10,68
Alimentaire,131,8.22,7,6,0
Alimentaire,130,4.68,4,11,0
Textile,35,42.93,18,11,103
Textile,241,86.14,24,6,230
Textile,10,26.55,9,4,23
Alimentaire,90,86.41,8,12,71
Alimentaire,80,80.12,10,6,81
Electronique,116,26.92,8,6,0
Textile,302,73.89,8,8,0
Textile,239,62.36,14,12,29
Outillage,396,47.04,20,2,0
Textile,140,39.22,18,12,47
Alimentaire,371,73.76,24,6,148
Electronique,17,71.79,11,1,139
Electronique,201,68.61,14,4,62
Alimentaire,319,89.85,11,6,53
Alimentaire,212,44.11,4,9,0
Alimentaire,373,73.01,12,7,0
Alimentaire,125,77.9,9,2,46
Outillage,13,20.62,14,6,8
Electronique,309,5.7,7,3,0
Alimentaire,27,37.62,19,4,116
Electronique,305,77.39,21,9,116
Alimentaire,293,27.44,24,10,0
Textile,337,63.6,5,2,0
Electronique,191,2.65,6,8,0
Alimentaire,358,33.27,24,6,0
Electronique,67,56.17,21,5,162
Outillage,173,13.42,16,9,0
Textile,48,80.9,10,3,107
Electronique,306,15.75,14,10,0
Electronique,285,82.06,15,5,82
Electronique,322,21.04,21,2,0
Alimentaire,305,89.5,15,10,96
Outillage,123,55.22,4,11,0
Textile,27,9.42,18,7,21
Outillage,371,7.74,20,9,0
Alimentaire,197,8.59,10,2,0
Alimentaire,37,53.91,6,5,44
Alimentaire,370,73.24,6,5,0
Electronique,397,37.46,21,10,0
Outillage,178,41.15,13,5,32
Electronique,308,53.86,15,9,2
Alimentaire,14,48.91,24,4,190
Textile,37,62.55,5,8,45
Electronique,110,43.52,8,3,0
Alimentaire,262,64.82,21,7,94
Alimentaire,53,89.76,15,1,148
Alimentaire,13,32.83,4,9,14
Electronique,267,3.07,18,1,0
Electronique,308,13.06,6,12,0
Electronique,295,50.71,20,11,0
Alimentaire,319,32.29,20,7,0
Electronique,321,84.72,21,11,128
Outillage,240,57.22,13,10,0
Electronique,207,47.79,9,2,0
Textile,342,72.23,22,9,79
Textile,139,24.76,15,5,6
Alimentaire,39,74.14,17,11,191
Outillage,300,2.27,6,11,0
Electronique,110,56.53,17,12,94
Electronique,391,84.26,16,6,31
Alimentaire,165,71.33,10,3,57
Electronique,340,77.12,20,2,116
Alimentaire,16,36.93,6,2,14
Alimentaire,263,74.53,19,12,131
Outillage,179,50.47,24,8,91
Alimentaire,185,56.43,15,5,74
Outillage,106,7.18,6,6,0
Outillage,388,19.74,15,3,0
Outillage,157,50.48,15,7,58
Electronique,340,7.17,15,6,0
Outillage,170,67.25,9,10,0
Textile,19,75.93,17,1,192
Outillage,351,82.99,9,12,3
Alimentaire,74,10.96,15,1,12
Outillage,108,84.7,16,6,148
Textile,344,7.95,17,5,0
Electronique,357,43.72,20,9,0
Alimentaire,366,75.94,22,8,125
Electronique,170,8.19,20,3,0
Outillage,302,3.6,20,6,0
Alimentaire,131,4.2,22,7,0
Electronique,296,46.99,9,6,0
Textile,201,73.42,10,1,47
Alimentaire,20,13.21,15,3,31
Electronique,167,12.97,13,7,0
Outillage,187,52.03,18,4,108
Outillage,102,22.62,4,7,0
Textile,149,66.26,6,2,32
Textile,201,85.57,19,9,130
Alimentaire,19,69.41,21,3,265
Textile,60,79.19,10,8,106
Textile,306,47.72,10,11,0
Electronique,140,75.24,15,5,140
Electronique,243,18.1,14,2,0
Alimentaire,226,8.01,7,1,0
Alimentaire,220,59.72,14,5,55
Electronique,165,6.57,21,2,0
Electronique,193,80.54,19,11,148
Outillage,329,62.86,21,12,54
Alimentaire,386,85.79,17,12,96
Textile,102,29.62,22,12,61
Textile,267,44.78,9,8,0
Textile,387,67.27,4,4,0
Textile,3,23.36,6,6,23
Alimentaire,313,49.68,24,4,93
Outillage,198,60.03,17,11,92
Alimentaire,387,88.14,9,6,0
Outillage,231,67.53,21,5,148
Alimentaire,335,12.4,10,9,0
Electronique,66,43.83,16,5,68
Outillage,56,53.81,9,5,71
Electronique,370,14.9,5,3,0
Outillage,210,40.01,9,1,0
Electronique,223,26.99,8,1,0
Electronique,67,12.46,15,5,13
Textile,90,47.06,4,12,0
Outillage,327,16.58,9,4,0
Alimentaire,121,53.97,15,8,94
Electronique,233,16.93,12,4,0
Electronique,126,65.68,17,4,83
Outillage,105,19.18,17,2,0
Textile,66,80.87,24,7,243
Electronique,371,4.31,21,8,0
Alimentaire,376,47.94,8,5,0
Alimentaire,46,30.17,18,7,42
Electronique,141,21.81,17,6,30
Outillage,225,43.5,16,4,67
Textile,153,76.1,20,9,127
Electronique,288,82.54,7,7,0
Textile,104,28.69,11,1,0
Alimentaire,23,15.57,21,6,39
Electronique,134,65.37,22,5,189
Alimentaire,239,53.22,4,10,0
Electronique,72,19.69,13,4,7
Electronique,326,68.91,9,12,0
Outillage,4,47.67,7,8,64
Textile,27,59.5,5,2,0
Electronique,203,33.62,15,5,0
Outillage,204,40.64,18,11,28
Textile,117,17.87,15,4,0
Outillage,103,68.57,11,9,79
Textile,27,15.82,20,10,54
Alimentaire,265,70.49,17,9,58
Textile,151,72.22,23,2,239
Textile,47,67.7,11,5,69
Textile,159,3.71,9,5,0
Electronique,374,26.04,13,5,0
Alimentaire,104,43.21,14,11,47
Electronique,357,54.41,13,1,0
Alimentaire,103,82.89,21,7,231
Electronique,74,35.05,4,12,0
Electronique,104,79.0,15,11,101
Outillage,129,16.38,13,8,0
Electronique,48,34.67,8,12,7
Outillage,235,6.6,17,5,0
Electronique,133,67.34,20,8,109
Outillage,287,15.26,15,7,0
Alimentaire,196,24.62,5,1,0
Textile,177,70.22,5,1,0
Alimentaire,188,49.06,12,11,27
Alimentaire,62,3.23,18,3,24
Alimentaire,285,2.2,10,5,0
Textile,41,46.94,10,8,57
Alimentaire,288,28.84,22,7,0
Textile,399,17.87,4,7,0
Outillage,305,56.0,5,12,0
Alimentaire,182,22.1,7,10,0
Alimentaire,125,54.11,24,12,167
Electronique,349,35.38,14,8,0
Alimentaire,102,18.43,7,12,0
Electronique,192,14.15,10,8,0
Electronique,308,22.84,24,7,0
Outillage,368,4.63,18,10,0
Electronique,368,29.12,8,11,0
Alimentaire,35,81.37,9,1,105
Outillage,359,75.16,5,11,0
Outillage,45,34.74,20,9,99
Electronique,233,52.67,6,11,18
Electronique,371,51.93,10,9,0
Alimentaire,261,74.93,11,12,30
Textile,378,22.79,17,4,0
Outillage,137,28.08,16,3,33
Electronique,125,28.56,20,3,23
Electronique,130,5.6,10,4,0
Alimentaire,142,29.69,12,3,11
Outillage,273,79.26,12,6,55
Electronique,180,82.25,4,3,0
Alimentaire,294,11.65,19,2,0
Electronique,166,42.31,15,7,35
Electronique,123,35.56,13,10,16
Outillage,76,45.06,24,2,164
Electronique,220,50.82,7,7,0
Alimentaire,359,3.78,24,8,0
Outillage,343,76.12,18,9,32
Textile,101,87.68,8,2,35
Electronique,191,59.5,18,9,66
Alimentaire,282,60.12,19,1,71
Outillage,244,48.46,11,3,0
Alimentaire,26,31.42,11,4,49
Textile,236,15.11,21,11,0
Textile,15,53.4,7,3,37
Textile,46,5.95,4,10,0
Electronique,261,74.56,17,12,75
Outillage,41,39.04,23,12,134
Outillage,135,38.5,14,4,32
Electronique,235,30.79,6,2,0
Outillage,262,87.3,15,3,80
Outillage,178,17.39,9,10,0
Textile,37,15.32,21,3,14
Alimentaire,319,16.57,16,8,0
Alimentaire,379,59.95,11,5,0
Outillage,355,89.29,17,10,46
Electronique,299,22.72,18,8,0
Outillage,160,81.69,18,8,142
Outillage,350,26.52,11,10,0
Textile,195,59.02,15,12,40
Alimentaire,54,5.56,4,5,0
Textile,340,45.62,12,7,0
Electronique,128,59.6,11,8,26
Outillage,375,49.2,15,10,0
Alimentaire,147,22.93,23,6,3
Electronique,347,74.91,24,5,103
Outillage,214,87.37,14,11,73
Textile,186,42.41,17,12,44
Textile,118,57.96,6,7,6
Electronique,334,71.56,14,2,47
Outillage,24,23.25,18,4,39
Textile,187,78.07,18,6,146
Outillage,147,26.66,24,9,31
Outillage,217,70.27,13,9,27
Electronique,101,11.86,23,10,6
Electronique,265,27.38,24,1,0
Outillage,154,48.96,16,6,47
Textile,75,48.19,5,9,6
Alimentaire,78,76.84,11,12,106
Alimentaire,278,89.66,20,2,207
Textile,104,11.43,16,11,0
Outillage,122,25.88,23,1,22
Electronique,250,33.47,21,3,17
Textile,131,44.14,5,11,0
Outillage,155,45.46,22,10,60
Alimentaire,97,77.35,11,12,98
Alimentaire,138,69.81,21,8,183
Outillage,277,3.66,14,8,0
Electronique,213,42.04,13,7,0
Alimentaire,399,56.39,5,7,0
Alimentaire,308,42.51,6,7,0
Outillage,6,13.5,16,4,0
Electronique,151,36.98,15,11,34
Alimentaire,115,38.23,15,5,21
Electronique,235,18.52,7,8,0
Outillage,106,68.56,14,9,80
Textile,386,30.28,5,7,0
Alimentaire,119,53.83,7,8,45
Alimentaire,208,47.38,14,1,50
Electronique,49,79.21,16,4,173
Outillage,363,12.74,17,6,0
Textile,364,12.06,24,5,0
Alimentaire,317,28.43,21,11,0
Alimentaire,140,39.95,11,11,4
Textile,23,28.27,20,9,69
Textile,284,69.16,6,5,0
Alimentaire,171,23.58,22,1,42
Alimentaire,396,9.46,12,10,0
Textile,279,38.41,19,11,4
Textile,215,70.06,24,6,149
Textile,394,76.85,18,10,39
Electronique,320,66.53,23,12,101
Alimentaire,183,51.09,4,7,0
Textile,7,65.73,7,3,71
Outillage,37,61.96,17,1,140
Textile,177,22.62,15,10,0
Alimentaire,224,50.47,6,7,0
Textile,12,69.81,19,2,196
Electronique,50,29.91,5,1,0
Electronique,281,59.55,24,12,96
Textile,300,44.37,7,4,0
Outillage,11,46.28,13,4,77
Outillage,203,9.92,21,8,0
Textile,32,60.63,14,5,122
Electronique,289,78.18,19,11,85
Outillage,333,14.45,18,9,0
Alimentaire,347,34.22,23,5,0
Alimentaire,239,6.28,13,4,0
Outillage,251,4.61,24,11,0
Textile,370,89.09,14,8,14
Textile,244,45.43,22,12,64
Alimentaire,178,33.29,19,5,34
Outillage,301,26.19,6,1,0
Alimentaire,236,88.24,17,11,138
Textile,336,24.2,22,3,18
Outillage,209,65.86,6,11,0
Textile,347,26.97,21,9,0
Electronique,17,8.2,6,3,0
Alimentaire,14,62.13,22,10,212
Alimentaire,39,2.14,20,1,18
Outillage,222,61.47,7,5,0
Textile,283,24.03,19,5,0
Alimentaire,86,67.66,6,8,44
Textile,62,69.74,15,7,118
Textile,344,65.72,23,8,76
Alimentaire,300,4.15,8,6,0
Alimentaire,259,63.93,7,9,0
Outillage,195,89.13,12,2,102
Textile,168,23.35,11,9,0
Electronique,8,26.13,5,1,13
Textile,75,73.59,13,2,156
Textile,358,16.11,9,9,0
Textile,135,60.13,6,2,24
Textile,281,68.44,9,10,0
Outillage,281,5.27,4,2,0
Alimentaire,123,50.73,23,2,159
Alimentaire,81,52.68,24,12,190
Electronique,276,28.7,11,3,0
Textile,37,79.12,22,11,231
Alimentaire,197,16.32,13,5,0
Alimentaire,355,34.05,23,10,0
Textile,284,76.68,7,12,0
Alimentaire,305,18.78,9,2,0
Alimentaire,33,74.28,19,4,278
Alimentaire,79,8.96,8,7,0
Alimentaire,110,45.05,21,11,124
Electronique,116,8.63,12,3,0
Outillage,77,61.66,12,3,90
Electronique,388,71.57,13,5,42
Alimentaire,65,76.79,20,3,225
Textile,283,88.35,4,4,0
Electronique,234,61.14,19,2,86
Textile,244,69.68,20,10,85
Textile,85,46.51,21,10,116
Textile,123,82.32,24,2,249
Alimentaire,242,58.65,20,7,107
Electronique,119,79.75,15,8,86
Outillage,277,22.72,13,8,0
Alimentaire,15,45.71,12,12,78
Outillage,29,66.22,21,8,147
Electronique,291,19.84,12,9,0
Electronique,246,20.6,16,1,0
Outillage,17,88.07,6,1,54
Outillage,359,40.25,10,8,0
Outillage,1,18.0,9,11,11
Outillage,382,31.17,13,5,0
Electronique,291,36.97,14,8,0
Outillage,395,56.83,19,3,10
Textile,379,83.23,13,6,18
Electronique,125,88.82,7,10,31
Electronique,302,59.35,15,8,20
Outillage,84,63.59,5,2,27
Alimentaire,188,30.32,21,11,17
Outillage,96,77.43,20,12,182
Electronique,194,21.17,8,6,0
Alimentaire,348,11.36,9,5,0
Alimentaire,174,87.65,4,7,0
Alimentaire,36,78.04,11,10,152
Textile,129,28.72,4,6,0
Outillage,314,61.42,23,1,100
Outillage,208,43.1,6,1,0
Textile,224,30.44,17,10,0
Electronique,172,27.24,15,10,0
Outillage,117,13.97,8,10,0
Textile,239,50.34,20,2,63
Textile,253,41.3,6,3,0
Textile,359,47.07,22,5,41
Outillage,247,20.95,19,3,0
Outillage,398,84.6,17,5,58
Textile,330,58.2,22,7,53
Textile,31,81.16,12,4,156
Textile,156,11.62,9,2,0
Alimentaire,153,56.81,7,5,11
Alimentaire,1,76.75,23,9,234
Textile,72,31.12,12,8,4
Electronique,304,19.17,21,4,0
Alimentaire,140,25.32,10,4,18
Textile,59,26.02,24,8,72
Outillage,114,41.35,22,3,85
Textile,109,30.68,10,11,0
Alimentaire,69,25.87,14,11,17
Alimentaire,40,59.07,20,1,167
Textile,305,6.67,8,12,0
Textile,329,31.95,4,1,0
Electronique,198,62.7,10,6,53
Textile,246,17.47,16,9,0
Alimentaire,367,21.44,6,4,0
Textile,337,19.66,11,3,0
Outillage,13,2.08,23,1,0
Outillage,381,43.69,5,9,0
Textile,26,5.43,5,1,0
Alimentaire,10,26.02,12,6,76
Alimentaire,161,89.54,4,5,11
Electronique,298,82.82,4,12,0
Outillage,32,20.93,7,12,12
Outillage,117,29.28,6,10,14
Outillage,105,42.81,21,9,56
Alimentaire,158,76.31,6,7,48
Alimentaire,394,72.63,14,5,28
Outillage,132,13.11,18,2,0
Textile,83,12.95,17,12,0
Textile,48,38.67,17,5,51
Alimentaire,79,78.57,11,6,122
Alimentaire,53,79.62,22,2,262
Textile,229,11.45,5,4,0
Outillage,168,52.54,6,8,4
Alimentaire,199,15.7,21,6,0
Outillage,332,62.38,5,8,0
Electronique,232,82.65,8,3,0
Alimentaire,62,42.02,7,1,20
Outillage,150,9.31,4,11,0
Outillage,125,52.97,6,6,16
Outillage,330,37.95,16,5,0
Alimentaire,122,73.36,17,4,160
Outillage,55,31.95,5,8,1
Outillage,294,78.99,23,7,149
Outillage,171,26.09,6,5,0
Electronique,38,15.86,18,12,35
Textile,275,28.97,20,11,0
Outillage,84,5.07,14,3,0
Outillage,347,26.75,14,8,0
Electronique,332,60.09,6,12,0
Outillage,147,14.52,9,6,0
Electronique,222,11.8,21,1,0
Alimentaire,227,13.65,11,2,0
Textile,261,8.82,4,9,0
Alimentaire,27,78.97,19,11,191
Textile,129,85.08,18,2,201
Electronique,68,6.1,5,7,0
Textile,278,68.89,5,6,0
Textile,27,66.87,6,4,71
Textile,206,89.73,5,8,0
Alimentaire,291,32.61,16,11,0
Alimentaire,379,27.12,6,3,0
Alimentaire,115,41.87,16,1,49
Alimentaire,3,77.38,7,5,122
Textile,289,66.12,24,4,141
Alimentaire,0,43.5,19,9,138
Alimentaire,26,23.52,11,7,26
Alimentaire,396,65.98,13,1,1
Electronique,345,77.2,5,5,0
Textile,283,37.2,5,9,0
Outillage,334,60.84,15,6,19
Alimentaire,30,37.22,4,7,0
Outillage,35,44.11,17,4,131
Textile,120,48.19,12,4,41
Electronique,9,70.26,6,2,50
Alimentaire,355,88.02,15,1,45
Electronique,22,41.1,15,1,91
Electronique,217,32.12,19,8,3
Alimentaire,341,34.88,8,2,0
Alimentaire,293,13.78,15,7,0
Outillage,93,28.13,21,12,41
Electronique,188,9.61,9,9,0
Outillage,219,39.65,21,7,46
Electronique,307,16.73,19,2,0
Electronique,170,32.48,13,6,0
Textile,114,71.83,22,11,194
Outillage,318,23.64,24,5,0
Textile,354,55.85,8,10,0
Electronique,195,81.3,24,9,179
Electronique,11,51.89,4,4,2
Alimentaire,200,19.05,6,2,0
Alimentaire,355,32.34,4,1,0
Outillage,395,53.95,11,4,0
Alimentaire,160,46.58,23,4,91
Electronique,60,15.08,16,8,6
Outillage,228,41.32,16,7,40
Electronique,332,49.79,5,6,0
Electronique,378,25.53,14,9,0
Alimentaire,20,55.9,12,10,135
Alimentaire,116,8.17,14,9,0
Textile,191,31.62,9,11,0
Outillage,39,72.78,8,5,62
Outillage,354,24.82,23,10,0
Alimentaire,44,55.26,15,6,106
Outillage,266,38.08,12,3,0
Textile,367,29.85,5,2,0
Electronique,274,82.62,20,2,162
Outillage,305,32.21,13,12,0
Electronique,105,22.83,12,3,0
Textile,330,82.02,18,11,79
Outillage,167,67.64,6,10,6
Electronique,24,62.0,15,6,138
Alimentaire,146,6.36,22,11,19
Alimentaire,139,13.55,13,11,0
Outillage,208,58.17,4,12,0
Electronique,105,20.43,8,6,0
Textile,184,21.86,5,4,0
Alimentaire,171,70.56,14,1,102
Electronique,130,27.16,11,11,0
Textile,278,8.3,6,11,0
Outillage,122,5.21,18,7,0
Textile,306,41.0,7,1,0
Electronique,100,56.31,11,10,66
Electronique,345,78.46,24,4,153
Alimentaire,146,11.75,5,7,0
Textile,16,19.31,9,8,13
Textile,59,48.62,10,2,16
Electronique,322,34.04,14,1,0
Textile,348,44.46,9,1,0
Alimentaire,84,83.32,24,12,286
Textile,240,49.95,4,12,0
Outillage,229,38.53,23,6,11
Textile,53,89.07,15,6,168
Electronique,180,7.74,4,5,0
Outillage,277,84.03,6,5,0
Electronique,386,46.15,6,7,0
Outillage,339,46.33,10,5,0
Electronique,39,83.13,10,8,119
Textile,95,46.64,17,5,78
Electronique,174,40.58,10,8,14
Electronique,60,25.98,19,12,27
Textile,228,59.98,10,3,0
Textile,3,52.13,9,1,82
Electronique,45,20.86,9,7,0
Outillage,18,64.43,10,2,102
Alimentaire,118,58.68,21,3,173
Alimentaire,304,36.97,9,10,0
Alimentaire,70,2.39,9,6,0
Alimentaire,394,41.3,24,7,15
Electronique,107,2.53,17,10,0
Alimentaire,17,8.6,8,2,0
Electronique,134,39.89,22,6,59
Electronique,299,9.21,7,1,0
Alimentaire,42,26.26,7,6,14
Textile,28,59.68,13,3,103
Outillage,339,29.16,18,11,0
Alimentaire,236,89.79,7,4,54
Alimentaire,137,82.63,19,3,215
Outillage,302,53.51,7,1,0
Textile,337,87.09,20,2,117
Outillage,143,78.39,6,3,22
Outillage,224,30.06,13,3,0
Outillage,4,67.96,17,9,166
Outillage,122,14.04,9,11,0
Alimentaire,238,62.24,16,11,87
Alimentaire,78,45.22,18,12,116
Alimentaire,396,3.48,17,11,0
Electronique,388,26.13,12,6,0
Textile,103,86.07,20,5,248
Textile,158,29.79,19,8,17
Outillage,75,17.97,10,4,0
Electronique,201,18.5,19,8,0
Alimentaire,49,44.17,23,12,159
Electronique,156,76.15,21,3,208
Outillage,222,68.7,19,10,119
Alimentaire,244,40.44,20,12,79
Electronique,238,20.37,20,7,0
Textile,88,6.05,10,5,0
Outillage,316,42.71,19,4,0
Outillage,276,73.7,8,3,0
Electronique,301,66.21,11,4,0
Alimentaire,187,37.96,23,9,67
Electronique,357,54.33,9,7,0
Alimentaire,155,40.39,21,3,101
Textile,322,52.95,12,7,0
Alimentaire,81,47.54,8,10,45
Electronique,98,61.93,6,1,0
Textile,210,46.68,15,1,34
Electronique,222,84.77,13,12,94
Electronique,298,39.67,14,9,0
Electronique,118,3.4,4,7,0
Electronique,349,22.8,9,11,0
Alimentaire,131,46.05,4,8,0
Outillage,213,49.57,10,7,0
Outillage,372,50.61,23,3,59
Electronique,215,64.88,7,10,0
Electronique,272,26.17,18,10,0
Alimentaire,363,60.51,4,4,0
Textile,389,63.95,15,9,0
Textile,199,38.19,23,9,55
Outillage,166,37.39,11,2,5
Alimentaire,78,17.75,8,2,0
Electronique,214,38.43,15,8,0
Electronique,367,71.24,9,8,0
Electronique,194,81.99,22,8,174
Electronique,139,54.24,21,5,92
Outillage,42,28.34,17,11,28
Alimentaire,155,62.04,17,6,132
Outillage,94,67.13,16,3,108
Textile,390,31.23,19,2,0
Textile,211,74.74,13,11,88
Alimentaire,54,8.49,24,9,40
Outillage,26,2.95,11,6,9
Electronique,340,12.82,4,3,0
Electronique,372,15.73,18,2,0
Alimentaire,305,79.35,17,2,82
Alimentaire,49,39.4,24,2,136
Textile,39,26.19,12,7,45
Textile,79,39.76,12,3,40
Textile,300,36.75,15,2,2
Alimentaire,306,28.53,12,4,0
Alimentaire,335,14.14,20,9,0
Outillage,38,59.72,12,6,84
Electronique,61,14.02,20,2,10
Textile,360,70.24,12,9,0
Textile,371,19.75,8,6,0
Outillage,290,66.36,24,3,130
Textile,42,72.89,15,9,146
Alimentaire,27,13.03,18,12,40
Alimentaire,22,9.63,16,7,36
Alimentaire,276,85.56,11,2,44
Alimentaire,338,42.75,24,4,27
Electronique,252,57.46,11,8,0
Textile,104,4.05,24,12,30
Electronique,302,26.53,13,12,0
Textile,23,46.47,4,12,9
Outillage,331,79.99,4,10,0
Outillage,356,25.89,24,7,0
Electronique,287,70.22,15,8,8
Outillage,351,60.27,12,9,0
Electronique,234,12.14,21,9,0
Alimentaire,187,27.82,16,8,0
Electronique,128,22.93,17,2,12
Electronique,368,40.94,18,11,0
Electronique,278,57.91,8,1,0
Electronique,76,40.14,5,6,0
Outillage,382,23.52,19,6,0
Electronique,23,63.24,4,12,0
Alimentaire,235,53.43,19,2,86
Textile,76,47.7,6,6,36
Outillage,265,50.79,9,5,0
Outillage,165,21.53,18,2,20
Electronique,174,61.88,17,3,104
Outillage,268,36.1,20,6,53
Textile,302,33.99,16,11,0
Electronique,152,15.18,5,5,0
Alimentaire,399,54.52,21,11,28
Outillage,199,55.03,8,9,5
Alimentaire,64,31.95,6,10,5
Electronique,2,77.67,22,11,253
Outillage,80,76.4,8,9,43
Outillage,276,11.6,15,9,0
Outillage,215,63.16,14,2,71
Outillage,135,36.66,20,9,49
Outillage,192,89.97,4,1,0
Alimentaire,335,21.8,6,9,0
Electronique,228,26.69,12,8,0
Textile,23,40.91,13,10,59
Electronique,19,25.65,20,8,46
Alimentaire,192,62.9,16,5,94
Textile,161,44.32,7,5,0
Outillage,340,21.44,24,8,0
Alimentaire,233,46.56,13,6,0
Alimentaire,302,80.21,24,5,211
Textile,234,71.73,24,6,176
Electronique,138,45.9,5,7,0
Textile,262,27.39,14,3,0
Textile,248,17.83,12,8,0
Textile,288,79.3,14,4,77
Alimentaire,75,64.49,10,4,85
Outillage,256,52.35,15,6,47
Alimentaire,114,79.39,14,2,135
Textile,316,12.71,7,8,0
Alimentaire,319,62.06,10,9,0
Electronique,249,21.07,7,12,0
Textile,378,12.61,21,4,0
Electronique,215,42.97,18,7,23
Outillage,10,36.09,12,7,78
Textile,242,84.82,12,9,26
Alimentaire,311,30.51,5,8,0
Alimentaire,40,73.71,10,10,81
Textile,41,67.9,23,11,201
Alimentaire,109,60.78,4,2,0
Alimentaire,337,83.0,7,5,0
Alimentaire,210,37.9,21,8,43
Alimentaire,390,36.29,14,7,0
Outillage,349,16.16,4,6,0
Electronique,221,26.27,14,3,0
Outillage,271,79.42,19,7,103
Alimentaire,132,43.75,11,9,42
Textile,36,32.04,12,1,77
Electronique,159,21.02,17,8,10
Alimentaire,236,44.68,16,11,6
Outillage,72,65.07,22,7,175
Alimentaire,88,27.23,9,12,0
Electronique,5,68.68,9,5,102
Textile,293,57.42,7,1,0
Electronique,359,71.31,17,9,11
Alimentaire,330,24.08,15,3,0
Alimentaire,151,57.53,11,1,60
Textile,237,15.53,18,3,0
Textile,384,34.01,11,12,0
Textile,236,65.74,8,10,0
Outillage,118,57.59,15,4,102
Electronique,135,18.53,13,8,0
Alimentaire,290,77.53,12,5,84
Electronique,178,6.69,13,3,0
Electronique,334,54.38,23,12,84
Electronique,345,88.58,8,10,5
Textile,14,48.77,9,5,70
Outillage,289,72.46,15,5,79
Outillage,147,54.38,4,10,0
Textile,207,70.91,7,6,0
Outillage,105,59.69,15,5,116
Electronique,147,62.82,14,5,89
Outillage,132,22.05,17,6,0
Outillage,20,67.28,6,7,43
Electronique,313,22.94,21,1,0
Alimentaire,57,88.3,14,6,185
Outillage,150,22.05,7,6,0
Alimentaire,77,22.83,10,4,32
Outillage,64,77.56,8,5,91
Outillage,149,23.38,13,6,0
Alimentaire,367,33.76,13,5,0
Electronique,377,64.89,13,11,0
Alimentaire,152,15.97,13,7,0
Electronique,202,16.0,23,7,0
Alimentaire,394,44.8,24,4,57
Textile,93,23.45,14,11,0
Alimentaire,377,22.74,24,1,0
Electronique,42,2.81,21,7,0
Alimentaire,90,34.6,21,3,90
Textile,135,30.01,8,10,0
Electronique,14,4.74,13,5,0
Electronique,326,56.67,11,4,10
Outillage,342,57.15,6,1,0
Electronique,153,8.23,5,10,0
Alimentaire,334,29.9,17,5,0
Electronique,309,78.81,12,4,47
Electronique,320,53.23,21,11,44
Alimentaire,321,38.25,18,1,10
Textile,229,42.93,5,6,0
Electronique,44,20.33,21,2,14
Electronique,369,73.45,14,2,0
Electronique,243,82.43,15,1,88
Textile,360,82.14,24,3,175
Outillage,383,21.71,17,12,0
Electronique,74,29.35,4,6,0
Alimentaire,160,16.13,7,12,0
Alimentaire,76,29.03,12,4,11
Alimentaire,20,31.29,4,10,11
Electronique,386,57.71,7,2,0
Electronique,369,18.69,20,2,0
Textile,372,82.91,6,1,0
Alimentaire,353,11.07,7,11,0
Alimentaire,259,2.61,14,9,0
Alimentaire,208,77.24,5,9,0
Outillage,396,63.93,9,12,0
Textile,220,33.27,23,4,44
Alimentaire,256,54.4,17,9,17
Electronique,84,21.67,24,7,26
Outillage,298,16.82,11,7,0
Outillage,327,43.46,16,8,0
Electronique,271,33.08,9,6,0
Outillage,199,56.14,11,1,32
